razorpay_payment_id,razorpay_order_id,customer_id,amount,status,method,error_reason,created_at
pay_demo000001,order_ORD00001,C0001,549,captured,card,,2025-12-28T22:00:00
pay_demo000002,order_ORD00002,C0001,449,captured,card,,2026-07-14T01:00:00
pay_demo000003,order_ORD00003,C0001,1297,captured,wallet,,2026-07-15T12:00:00
pay_demo000004,order_ORD00004,C0001,399,captured,upi,,2026-06-28T09:00:00
pay_demo000005,order_ORD00005,C0001,798,captured,upi,,2026-07-28T09:00:00
pay_demo000006,order_ORD00006,C0001,2996,captured,upi,,2026-06-13T00:00:00
pay_demo000007,order_ORD00007,C0001,1748,captured,card,,2026-08-24T06:00:00
pay_demo000008,order_ORD00008,C0001,3126,captured,upi,,2026-03-19T19:00:00
pay_demo000009,order_ORD00009,C0002,848,captured,upi,,2026-05-21T21:00:00
pay_demo000010,order_ORD00010,C0002,2197,captured,wallet,,2026-01-05T16:00:00
pay_demo000011,order_ORD00011,C0002,2398,captured,upi,,2026-01-02T07:00:00
pay_demo000012,order_ORD00012,C0003,1647,captured,upi,,2026-06-14T22:00:00
pay_demo000013,order_ORD00013,C0003,5195,captured,netbanking,,2026-07-08T16:00:00
pay_demo000014,order_ORD00014,C0003,649,captured,wallet,,2026-02-23T18:00:00
pay_demo000015,order_ORD00015,C0003,499,captured,card,,2026-01-01T07:00:00
pay_demo000016,order_ORD00016,C0003,1827,captured,upi,,2026-04-20T01:00:00
pay_demo000017,order_ORD00017,C0003,3999,captured,card,,2025-12-17T12:00:00
pay_demo000018,order_ORD00018,C0003,5497,captured,card,,2026-05-31T17:00:00
pay_demo000019,order_ORD00019,C0003,1598,captured,card,,2026-08-21T07:00:00
pay_demo000020,order_ORD00020,C0004,8795,captured,wallet,,2026-05-28T06:00:00
pay_demo000021,order_ORD00021,C0004,4098,captured,wallet,,2026-04-07T20:00:00
pay_demo000022,order_ORD00022,C0004,1499,captured,upi,,2026-01-11T10:00:00
pay_demo000023,order_ORD00023,C0004,5896,captured,card,,2026-06-01T00:00:00
pay_demo000024,order_ORD00024,C0004,5597,captured,upi,,2026-09-26T09:00:00
pay_demo000025,order_ORD00025,C0004,1899,captured,upi,,2025-12-15T05:00:00
pay_demo000026,order_ORD00026,C0004,3999,captured,upi,,2026-09-13T20:00:00
pay_demo000027,order_ORD00027,C0005,3897,captured,upi,,2026-02-16T23:00:00
pay_demo000028,order_ORD00028,C0005,1227,captured,upi,,2026-03-10T21:00:00
pay_demo000029,order_ORD00029,C0005,4177,captured,upi,,2026-03-20T17:00:00
pay_demo000030,order_ORD00030,C0005,399,captured,upi,,2026-03-01T11:00:00
pay_demo000031,order_ORD00031,C0005,678,captured,upi,,2026-07-15T08:00:00
pay_demo000032,order_ORD00032,C0006,7996,captured,upi,,2026-07-15T12:00:00
pay_demo000033,order_ORD00033,C0006,6597,captured,upi,,2026-09-04T19:00:00
pay_demo000034,order_ORD00034,C0006,2898,captured,upi,,2026-08-11T23:00:00
pay_demo000035,order_ORD00035,C0006,4198,captured,upi,,2026-06-17T07:00:00
pay_demo000036,order_ORD00036,C0007,3295,captured,wallet,,2026-09-09T17:00:00
pay_demo000037,order_ORD00037,C0007,1199,captured,wallet,,2026-09-22T04:00:00
pay_fail000038,,C0007,3745,failed,card,bank_declined,2026-09-17T19:00:00
pay_demo000039,order_ORD00038,C0008,2598,captured,upi,,2025-12-01T18:00:00
pay_demo000040,order_ORD00039,C0008,1498,captured,netbanking,,2026-01-06T18:00:00
pay_demo000041,order_ORD00040,C0008,2497,captured,card,,2026-06-23T01:00:00
pay_demo000042,order_ORD00041,C0009,799,captured,card,,2026-06-10T23:00:00
pay_demo000043,order_ORD00042,C0010,3598,captured,upi,,2026-08-18T09:00:00
pay_demo000044,order_ORD00043,C0010,3798,captured,card,,2025-11-18T17:00:00
pay_demo000045,order_ORD00044,C0010,7998,captured,upi,,2026-08-30T21:00:00
pay_demo000046,order_ORD00045,C0010,1699,captured,card,,2026-05-19T12:00:00
pay_demo000047,order_ORD00046,C0010,1748,captured,upi,,2026-04-07T21:00:00
pay_demo000048,order_ORD00047,C0010,1499,captured,wallet,,2025-12-06T18:00:00
pay_demo000049,order_ORD00048,C0010,3398,captured,card,,2026-03-21T01:00:00
pay_demo000050,order_ORD00049,C0010,6496,captured,upi,,2025-11-11T19:00:00
pay_demo000051,order_ORD00050,C0010,5898,captured,upi,,2026-01-22T05:00:00
pay_demo000052,order_ORD00051,C0010,4498,captured,upi,,2026-07-09T17:00:00
pay_demo000053,order_ORD00052,C0010,1298,captured,card,,2025-11-28T18:00:00
pay_demo000054,order_ORD00053,C0010,3147,captured,upi,,2026-06-26T09:00:00
pay_demo000055,order_ORD00054,C0010,1948,captured,upi,,2025-12-07T09:00:00
pay_demo000056,order_ORD00055,C0010,1499,captured,wallet,,2026-05-31T08:00:00
pay_demo000057,order_ORD00056,C0010,8496,captured,upi,,2026-04-20T10:00:00
pay_demo000058,order_ORD00057,C0010,3398,captured,netbanking,,2026-03-16T22:00:00
pay_demo000059,order_ORD00058,C0010,3798,captured,wallet,,2026-01-16T06:00:00
pay_demo000060,order_ORD00059,C0010,1699,captured,card,,2025-12-12T07:00:00
pay_demo000061,order_ORD00060,C0010,3999,captured,wallet,,2026-01-27T00:00:00
pay_demo000062,order_ORD00061,C0010,1499,captured,card,,2026-08-03T08:00:00
pay_demo000063,order_ORD00062,C0011,3596,captured,netbanking,,2026-06-28T09:00:00
pay_demo000064,order_ORD00063,C0011,1599,captured,card,,2026-04-16T22:00:00
pay_demo000065,order_ORD00064,C0011,3999,captured,card,,2026-06-27T05:00:00
pay_demo000066,order_ORD00065,C0012,3398,captured,card,,2026-09-24T09:00:00
pay_demo000067,order_ORD00066,C0012,1798,captured,card,,2026-09-08T07:00:00
pay_demo000068,order_ORD00067,C0013,4999,captured,card,,2026-05-06T19:00:00
pay_demo000069,order_ORD00068,C0013,2499,captured,upi,,2026-04-08T23:00:00
pay_demo000070,order_ORD00069,C0014,1647,captured,card,,2026-02-09T20:00:00
pay_demo000071,order_ORD00070,C0014,449,captured,wallet,,2026-02-17T18:00:00
pay_demo000072,order_ORD00071,C0014,3348,captured,upi,,2026-03-04T03:00:00
pay_demo000073,order_ORD00072,C0014,10397,captured,upi,,2026-02-25T17:00:00
pay_demo000074,order_ORD00073,C0015,349,captured,upi,,2026-06-11T01:00:00
pay_demo000075,order_ORD00074,C0015,1648,captured,upi,,2026-03-03T10:00:00
pay_demo000076,order_ORD00075,C0015,1299,captured,wallet,,2026-03-31T09:00:00
pay_demo000077,order_ORD00076,C0015,5798,captured,card,,2026-03-03T21:00:00
pay_demo000078,order_ORD00077,C0015,749,captured,card,,2026-06-17T23:00:00
pay_demo000079,order_ORD00078,C0015,948,captured,card,,2026-05-08T18:00:00
pay_demo000080,order_ORD00079,C0015,3098,captured,netbanking,,2026-07-10T03:00:00
pay_demo000081,order_ORD00080,C0016,1899,captured,upi,,2026-08-15T17:00:00
pay_demo000082,order_ORD00081,C0016,1199,captured,upi,,2026-02-10T09:00:00
pay_demo000083,order_ORD00082,C0016,2998,captured,card,,2026-06-05T07:00:00
pay_demo000084,order_ORD00083,C0017,1948,captured,upi,,2026-04-24T11:00:00
pay_demo000085,order_ORD00084,C0017,2998,captured,card,,2026-05-21T22:00:00
pay_demo000086,order_ORD00085,C0017,1199,captured,upi,,2026-04-24T22:00:00
pay_demo000087,order_ORD00086,C0017,1299,captured,upi,,2026-06-03T01:00:00
pay_demo000088,order_ORD00087,C0017,2799,captured,card,,2026-07-25T23:00:00
pay_demo000089,order_ORD00088,C0017,799,captured,upi,,2026-05-19T07:00:00
pay_demo000090,order_ORD00089,C0017,598,captured,card,,2026-09-20T10:00:00
pay_demo000091,order_ORD00090,C0018,4997,captured,card,,2026-09-12T19:00:00
pay_demo000092,order_ORD00091,C0018,899,captured,card,,2026-03-27T23:00:00
pay_demo000093,order_ORD00092,C0018,899,captured,upi,,2026-06-18T12:00:00
pay_demo000094,order_ORD00093,C0018,899,captured,upi,,2026-07-21T05:00:00
pay_demo000095,order_ORD00094,C0018,2299,captured,wallet,,2026-09-06T22:00:00
pay_demo000096,order_ORD00095,C0018,2298,captured,upi,,2025-12-06T05:00:00
pay_demo000097,order_ORD00096,C0018,8496,captured,upi,,2026-05-17T00:00:00
pay_demo000098,order_ORD00097,C0018,4296,captured,upi,,2026-07-16T22:00:00
pay_demo000099,order_ORD00098,C0018,5196,captured,card,,2026-06-24T01:00:00
pay_demo000100,order_ORD00099,C0019,3398,captured,card,,2026-08-21T18:00:00
pay_demo000101,order_ORD00100,C0019,2498,captured,card,,2026-09-23T07:00:00
pay_fail000102,,C0019,5196,failed,wallet,payment_timeout,2026-09-16T13:00:00
pay_demo000103,order_ORD00101,C0020,7197,captured,netbanking,,2026-03-31T11:00:00
pay_demo000104,order_ORD00102,C0020,4197,captured,card,,2026-02-15T08:00:00
pay_demo000105,order_ORD00103,C0020,2799,captured,card,,2026-05-03T20:00:00
pay_demo000106,order_ORD00104,C0020,3547,captured,upi,,2026-01-21T00:00:00
pay_demo000107,order_ORD00105,C0020,1899,captured,card,,2026-06-08T02:00:00
pay_demo000108,order_ORD00106,C0020,299,captured,card,,2026-04-04T07:00:00
pay_demo000109,order_ORD00107,C0021,1599,captured,upi,,2026-09-16T16:00:00
pay_demo000110,order_ORD00108,C0021,1599,captured,upi,,2026-01-26T17:00:00
pay_demo000111,order_ORD00109,C0021,2299,captured,card,,2026-01-23T21:00:00
pay_demo000112,order_ORD00110,C0021,10896,captured,card,,2026-04-19T02:00:00
pay_demo000113,order_ORD00111,C0021,3598,captured,card,,2025-12-21T21:00:00
pay_demo000114,order_ORD00112,C0021,2199,captured,upi,,2025-12-08T12:00:00
pay_demo000115,order_ORD00113,C0022,2747,captured,upi,,2026-02-03T05:00:00
pay_demo000116,order_ORD00114,C0022,999,captured,card,,2026-03-17T10:00:00
pay_demo000117,order_ORD00115,C0022,1399,captured,card,,2025-11-03T19:00:00
pay_demo000118,order_ORD00116,C0022,4197,captured,card,,2026-05-18T05:00:00
pay_demo000119,order_ORD00117,C0022,2299,captured,wallet,,2026-04-05T16:00:00
pay_demo000120,order_ORD00118,C0022,1498,captured,netbanking,,2026-06-21T09:00:00
pay_demo000121,order_ORD00119,C0022,4395,captured,upi,,2026-03-18T19:00:00
pay_demo000122,order_ORD00120,C0023,1299,captured,wallet,,2026-03-09T03:00:00
pay_demo000123,order_ORD00121,C0023,2998,captured,netbanking,,2026-05-21T10:00:00
pay_demo000124,order_ORD00122,C0023,1647,captured,netbanking,,2025-11-26T22:00:00
pay_demo000125,order_ORD00123,C0023,2299,captured,upi,,2026-03-01T05:00:00
pay_demo000126,order_ORD00124,C0023,3596,captured,card,,2026-06-12T08:00:00
pay_demo000127,order_ORD00125,C0023,649,captured,upi,,2026-06-03T07:00:00
pay_demo000128,order_ORD00126,C0024,5597,captured,upi,,2026-06-26T00:00:00
pay_demo000129,order_ORD00127,C0025,1277,captured,upi,,2025-12-04T12:00:00
pay_demo000130,order_ORD00128,C0025,1098,captured,card,,2026-02-19T05:00:00
pay_demo000131,order_ORD00129,C0025,899,captured,card,,2026-04-26T17:00:00
pay_demo000132,order_ORD00130,C0025,1397,captured,card,,2026-05-09T08:00:00
pay_demo000133,order_ORD00131,C0025,379,captured,wallet,,2025-12-25T00:00:00
pay_demo000134,order_ORD00132,C0025,399,captured,upi,,2025-12-14T23:00:00
pay_demo000135,order_ORD00133,C0025,1578,captured,card,,2025-12-28T21:00:00
pay_demo000136,order_ORD00134,C0025,798,captured,upi,,2026-03-10T11:00:00
pay_demo000137,order_ORD00135,C0025,399,captured,upi,,2026-06-22T20:00:00
pay_demo000138,order_ORD00136,C0026,7546,captured,upi,,2026-06-10T12:00:00
pay_demo000139,order_ORD00137,C0026,2798,captured,netbanking,,2026-08-17T03:00:00
pay_demo000140,order_ORD00138,C0026,10297,captured,card,,2026-09-12T20:00:00
pay_demo000141,order_ORD00139,C0026,2847,captured,card,,2026-05-26T22:00:00
pay_demo000142,order_ORD00140,C0026,899,captured,upi,,2025-12-09T01:00:00
pay_demo000143,order_ORD00141,C0026,2298,captured,netbanking,,2026-07-04T12:00:00
pay_demo000144,order_ORD00142,C0026,4045,captured,netbanking,,2026-02-13T18:00:00
pay_demo000145,order_ORD00143,C0026,2799,captured,upi,,2026-07-07T05:00:00
pay_demo000146,order_ORD00144,C0026,3056,captured,upi,,2026-01-15T09:00:00
pay_demo000147,order_ORD00145,C0027,4197,captured,upi,,2025-11-11T16:00:00
pay_demo000148,order_ORD00146,C0028,3795,captured,upi,,2026-02-20T16:00:00
pay_demo000149,order_ORD00147,C0028,1497,captured,upi,,2025-11-10T19:00:00
pay_demo000150,order_ORD00148,C0028,499,captured,upi,,2025-11-08T02:00:00
pay_demo000151,order_ORD00149,C0028,349,captured,upi,,2025-12-17T16:00:00
pay_demo000152,order_ORD00150,C0028,1695,captured,upi,,2026-08-25T03:00:00
pay_demo000153,order_ORD00151,C0028,349,captured,wallet,,2026-04-02T23:00:00
pay_demo000154,order_ORD00152,C0028,2296,captured,upi,,2026-05-31T22:00:00
pay_demo000155,order_ORD00153,C0028,2096,captured,wallet,,2025-12-02T09:00:00
pay_demo000156,order_ORD00154,C0028,1897,captured,upi,,2025-11-01T22:00:00
pay_demo000157,order_ORD00155,C0028,7196,captured,upi,,2026-03-30T06:00:00
pay_demo000158,order_ORD00156,C0028,5696,captured,wallet,,2026-06-18T05:00:00
pay_demo000159,order_ORD00157,C0028,2347,captured,card,,2025-12-24T06:00:00
pay_demo000160,order_ORD00158,C0028,1299,captured,card,,2026-03-30T06:00:00
pay_demo000161,order_ORD00159,C0028,599,captured,upi,,2026-05-01T04:00:00
pay_demo000162,order_ORD00160,C0028,998,captured,upi,,2026-01-20T16:00:00
pay_demo000163,order_ORD00161,C0028,948,captured,upi,,2025-11-17T01:00:00
pay_demo000164,order_ORD00162,C0028,649,captured,card,,2025-11-17T06:00:00
pay_demo000165,order_ORD00163,C0028,399,captured,wallet,,2025-11-14T18:00:00
pay_demo000166,order_ORD00164,C0028,3197,captured,upi,,2026-07-09T19:00:00
pay_demo000167,order_ORD00165,C0028,2996,captured,card,,2026-03-28T08:00:00
pay_demo000168,order_ORD00166,C0028,1897,captured,upi,,2026-03-16T22:00:00
pay_demo000169,order_ORD00167,C0028,1648,captured,card,,2026-04-03T07:00:00
pay_demo000170,order_ORD00168,C0029,4999,captured,card,,2026-08-28T16:00:00
pay_demo000171,order_ORD00169,C0029,1499,captured,upi,,2026-08-30T07:00:00
pay_demo000172,order_ORD00170,C0030,6697,captured,card,,2026-07-21T17:00:00
pay_demo000173,order_ORD00171,C0030,2499,captured,upi,,2026-04-30T07:00:00
pay_demo000174,order_ORD00172,C0030,1498,captured,wallet,,2026-09-11T12:00:00
pay_demo000175,order_ORD00173,C0031,2547,captured,upi,,2026-01-01T05:00:00
pay_demo000176,order_ORD00174,C0032,2799,captured,card,,2025-12-18T10:00:00
pay_demo000177,order_ORD00175,C0033,3198,captured,upi,,2025-10-28T06:00:00
pay_demo000178,order_ORD00176,C0034,1247,captured,upi,,2025-12-10T22:00:00
pay_demo000179,order_ORD00177,C0034,2698,captured,netbanking,,2026-09-15T11:00:00
pay_demo000180,order_ORD00178,C0034,4098,captured,card,,2026-05-19T01:00:00
pay_demo000181,order_ORD00179,C0034,799,captured,wallet,,2026-01-09T19:00:00
pay_demo000182,order_ORD00180,C0034,1299,captured,netbanking,,2026-08-09T00:00:00
pay_demo000183,order_ORD00181,C0035,2847,captured,wallet,,2026-05-18T23:00:00
pay_demo000184,order_ORD00182,C0035,6456,captured,card,,2026-01-06T17:00:00
pay_demo000185,order_ORD00183,C0035,2398,captured,upi,,2026-01-15T12:00:00
pay_demo000186,order_ORD00184,C0035,299,captured,upi,,2026-03-02T08:00:00
pay_demo000187,order_ORD00185,C0035,6056,captured,card,,2026-02-23T20:00:00
pay_demo000188,order_ORD00186,C0035,549,captured,card,,2026-07-19T01:00:00
pay_demo000189,order_ORD00187,C0035,898,captured,upi,,2026-04-12T09:00:00
pay_demo000190,order_ORD00188,C0035,5396,captured,card,,2026-05-30T07:00:00
pay_demo000191,order_ORD00189,C0035,2947,captured,card,,2025-11-06T19:00:00
pay_demo000192,order_ORD00190,C0035,549,captured,upi,,2026-01-29T19:00:00
pay_demo000193,order_ORD00191,C0035,598,captured,upi,,2026-06-04T12:00:00
pay_demo000194,order_ORD00192,C0035,758,captured,upi,,2026-08-20T09:00:00
pay_demo000195,order_ORD00193,C0035,399,captured,netbanking,,2026-07-16T12:00:00
pay_demo000196,order_ORD00194,C0035,7998,captured,upi,,2026-04-08T23:00:00
pay_demo000197,order_ORD00195,C0035,379,captured,upi,,2026-06-08T02:00:00
pay_demo000198,order_ORD00196,C0035,1748,captured,upi,,2026-07-14T09:00:00
pay_demo000199,order_ORD00197,C0035,649,captured,netbanking,,2026-05-29T10:00:00
pay_demo000200,order_ORD00198,C0035,1147,captured,upi,,2026-04-04T11:00:00
pay_demo000201,order_ORD00199,C0035,749,captured,upi,,2026-09-03T18:00:00
pay_demo000202,order_ORD00200,C0035,948,captured,card,,2026-09-07T06:00:00
pay_demo000203,order_ORD00201,C0035,1997,captured,card,,2026-05-23T10:00:00
pay_demo000204,order_ORD00202,C0035,2147,captured,card,,2025-11-30T01:00:00
pay_demo000205,order_ORD00203,C0036,649,captured,card,,2026-02-03T09:00:00
pay_demo000206,order_ORD00204,C0036,3597,captured,wallet,,2026-04-25T18:00:00
pay_demo000207,order_ORD00205,C0036,4898,captured,upi,,2026-07-20T00:00:00
pay_demo000208,order_ORD00206,C0036,1198,captured,card,,2026-09-02T01:00:00
pay_demo000209,order_ORD00207,C0036,1699,captured,netbanking,,2025-11-03T07:00:00
pay_demo000210,order_ORD00208,C0036,3047,captured,card,,2026-06-14T16:00:00
pay_demo000211,order_ORD00209,C0036,3999,captured,wallet,,2025-12-07T03:00:00
pay_demo000212,order_ORD00210,C0036,4698,captured,upi,,2026-05-01T01:00:00
pay_demo000213,order_ORD00211,C0036,1798,captured,upi,,2026-07-18T03:00:00
pay_demo000214,order_ORD00212,C0036,3999,captured,card,,2026-01-23T02:00:00
pay_demo000215,order_ORD00213,C0036,1299,captured,upi,,2026-08-03T04:00:00
pay_demo000216,order_ORD00214,C0036,3798,captured,card,,2026-02-07T21:00:00
pay_demo000217,order_ORD00215,C0036,1899,captured,upi,,2026-05-04T21:00:00
pay_demo000218,order_ORD00216,C0036,8297,captured,upi,,2025-12-26T20:00:00
pay_demo000219,order_ORD00217,C0036,8496,captured,upi,,2025-11-19T08:00:00
pay_demo000220,order_ORD00218,C0036,4297,captured,netbanking,,2025-12-10T10:00:00
pay_demo000221,order_ORD00219,C0036,5598,captured,card,,2026-09-11T00:00:00
pay_demo000222,order_ORD00220,C0037,798,captured,upi,,2026-04-20T01:00:00
pay_demo000223,order_ORD00221,C0037,2097,captured,upi,,2025-11-21T23:00:00
pay_demo000224,order_ORD00222,C0037,899,captured,netbanking,,2026-05-13T07:00:00
pay_demo000225,order_ORD00223,C0037,1536,captured,upi,,2025-12-26T22:00:00
pay_demo000226,order_ORD00224,C0037,379,captured,wallet,,2026-03-01T23:00:00
pay_demo000227,order_ORD00225,C0038,878,captured,wallet,,2026-09-24T01:00:00
pay_demo000228,order_ORD00226,C0038,499,captured,card,,2026-09-12T11:00:00
pay_demo000229,order_ORD00227,C0039,998,captured,card,,2026-09-10T17:00:00
pay_demo000230,order_ORD00228,C0039,1098,captured,upi,,2026-03-18T10:00:00
pay_demo000231,order_ORD00229,C0039,2299,captured,upi,,2026-08-02T06:00:00
pay_demo000232,order_ORD00230,C0039,1098,captured,card,,2026-02-11T02:00:00
pay_demo000233,order_ORD00231,C0040,3198,captured,upi,,2026-07-20T00:00:00
pay_demo000234,order_ORD00232,C0040,5898,captured,card,,2026-02-16T10:00:00
pay_demo000235,order_ORD00233,C0040,10496,captured,upi,,2026-01-29T10:00:00
pay_demo000236,order_ORD00234,C0040,1499,captured,wallet,,2026-05-05T20:00:00
pay_demo000237,order_ORD00235,C0040,1499,captured,wallet,,2026-07-06T06:00:00
pay_demo000238,order_ORD00236,C0041,5897,captured,card,,2026-07-09T06:00:00
pay_demo000239,order_ORD00237,C0042,3197,captured,card,,2026-06-23T10:00:00
pay_demo000240,order_ORD00238,C0042,2448,captured,wallet,,2026-03-02T11:00:00
pay_demo000241,order_ORD00239,C0042,1098,captured,netbanking,,2025-11-18T22:00:00
pay_demo000242,order_ORD00240,C0042,1597,captured,card,,2025-10-31T17:00:00
pay_demo000243,order_ORD00241,C0042,3798,captured,netbanking,,2026-04-20T01:00:00
pay_demo000244,order_ORD00242,C0042,1098,captured,upi,,2026-04-28T09:00:00
pay_demo000245,order_ORD00243,C0042,999,captured,card,,2025-11-24T22:00:00
pay_demo000246,order_ORD00244,C0043,4197,captured,card,,2026-04-11T22:00:00
pay_demo000247,order_ORD00245,C0044,1199,captured,card,,2026-05-04T03:00:00
pay_demo000248,order_ORD00246,C0045,3398,captured,netbanking,,2026-09-24T09:00:00
pay_demo000249,order_ORD00247,C0046,2398,captured,card,,2025-11-22T01:00:00
pay_demo000250,order_ORD00248,C0047,449,captured,upi,,2026-09-22T23:00:00
pay_demo000251,order_ORD00249,C0047,2406,captured,upi,,2026-08-23T23:00:00
pay_demo000252,order_ORD00250,C0048,4999,captured,card,,2025-10-11T03:00:00
pay_demo000253,order_ORD00251,C0049,6796,captured,wallet,,2026-05-27T01:00:00
pay_demo000254,order_ORD00252,C0049,6197,captured,netbanking,,2026-07-06T17:00:00
pay_demo000255,order_ORD00253,C0049,1899,captured,netbanking,,2026-06-13T17:00:00
pay_demo000256,order_ORD00254,C0049,3999,captured,upi,,2026-01-19T06:00:00
pay_demo000257,order_ORD00255,C0049,2998,captured,card,,2026-01-15T23:00:00
pay_demo000258,order_ORD00256,C0050,2299,captured,card,,2026-09-17T02:00:00
pay_demo000259,order_ORD00257,C0051,2299,captured,upi,,2026-08-01T09:00:00
pay_demo000260,order_ORD00258,C0051,899,captured,card,,2026-07-24T01:00:00
pay_demo000261,order_ORD00259,C0051,2199,captured,wallet,,2026-01-23T16:00:00
pay_demo000262,order_ORD00260,C0051,6195,captured,card,,2026-06-27T17:00:00
pay_demo000263,order_ORD00261,C0051,799,captured,card,,2026-04-08T06:00:00
pay_demo000264,order_ORD00262,C0051,1098,captured,upi,,2026-09-25T08:00:00
pay_demo000265,order_ORD00263,C0051,678,captured,upi,,2025-12-04T18:00:00
pay_demo000266,order_ORD00264,C0051,4296,captured,card,,2026-02-02T04:00:00
pay_demo000267,order_ORD00265,C0051,1948,captured,card,,2026-08-21T18:00:00
pay_demo000268,order_ORD00266,C0051,999,captured,upi,,2026-05-01T03:00:00
pay_demo000269,order_ORD00267,C0052,1499,captured,upi,,2026-03-16T16:00:00
pay_demo000270,order_ORD00268,C0052,4999,captured,upi,,2026-03-13T04:00:00
pay_demo000271,order_ORD00269,C0052,4996,captured,upi,,2026-07-14T05:00:00
pay_demo000272,order_ORD00270,C0052,2199,captured,upi,,2026-02-02T22:00:00
pay_demo000273,order_ORD00271,C0053,399,captured,netbanking,,2026-07-20T05:00:00
pay_demo000274,order_ORD00272,C0053,5298,captured,card,,2026-04-29T12:00:00
pay_demo000275,order_ORD00273,C0053,449,captured,card,,2026-09-25T22:00:00
pay_demo000276,order_ORD00274,C0053,1098,captured,card,,2026-03-17T00:00:00
pay_demo000277,order_ORD00275,C0053,1199,captured,upi,,2025-12-20T17:00:00
pay_demo000278,order_ORD00276,C0053,1578,captured,netbanking,,2026-02-21T23:00:00
pay_demo000279,order_ORD00277,C0053,3446,captured,card,,2026-09-06T17:00:00
pay_demo000280,order_ORD00278,C0054,2398,captured,upi,,2026-05-01T07:00:00
pay_demo000281,order_ORD00279,C0054,1798,captured,upi,,2026-08-06T10:00:00
pay_demo000282,order_ORD00280,C0055,899,captured,netbanking,,2026-08-12T00:00:00
pay_demo000283,order_ORD00281,C0055,8096,captured,upi,,2026-03-02T18:00:00
pay_demo000284,order_ORD00282,C0056,2097,captured,card,,2026-09-12T03:00:00
pay_demo000285,order_ORD00283,C0056,1299,captured,card,,2026-04-21T11:00:00
pay_demo000286,order_ORD00284,C0056,999,captured,netbanking,,2026-03-14T22:00:00
pay_demo000287,order_ORD00285,C0056,698,captured,upi,,2026-03-26T19:00:00
pay_demo000288,order_ORD00286,C0057,3798,captured,card,,2025-11-19T22:00:00
pay_demo000289,order_ORD00287,C0058,948,captured,upi,,2026-08-28T21:00:00
pay_demo000290,order_ORD00288,C0058,799,captured,upi,,2025-12-31T02:00:00
pay_demo000291,order_ORD00289,C0058,2199,captured,card,,2026-03-27T21:00:00
pay_demo000292,order_ORD00290,C0058,1447,captured,card,,2026-05-28T09:00:00
pay_demo000293,order_ORD00291,C0058,499,captured,card,,2026-09-20T16:00:00
pay_demo000294,order_ORD00292,C0058,2598,captured,wallet,,2026-02-24T05:00:00
pay_demo000295,order_ORD00293,C0058,1098,captured,upi,,2026-02-19T06:00:00
pay_demo000296,order_ORD00294,C0059,6598,captured,netbanking,,2026-08-04T17:00:00
pay_demo000297,order_ORD00295,C0059,7597,captured,upi,,2026-02-17T03:00:00
pay_demo000298,order_ORD00296,C0059,9998,captured,netbanking,,2026-05-20T03:00:00
pay_demo000299,order_ORD00297,C0059,1599,captured,upi,,2026-05-12T00:00:00
pay_demo000300,order_ORD00298,C0060,2199,captured,wallet,,2026-05-07T12:00:00
pay_demo000301,order_ORD00299,C0060,5196,captured,upi,,2025-11-22T08:00:00
pay_demo000302,order_ORD00300,C0060,3896,captured,netbanking,,2025-12-13T16:00:00
pay_demo000303,order_ORD00301,C0060,5298,captured,upi,,2026-05-11T10:00:00
pay_demo000304,order_ORD00302,C0060,999,captured,card,,2026-06-20T22:00:00
pay_demo000305,order_ORD00303,C0060,2798,captured,card,,2026-04-23T04:00:00
pay_demo000306,order_ORD00304,C0061,1798,captured,card,,2026-03-02T20:00:00
pay_demo000307,order_ORD00305,C0061,1199,captured,upi,,2026-05-25T02:00:00
pay_demo000308,order_ORD00306,C0061,2748,captured,upi,,2026-05-09T07:00:00
pay_demo000309,order_ORD00307,C0061,399,captured,upi,,2026-03-04T11:00:00
pay_demo000310,order_ORD00308,C0061,2247,captured,upi,,2026-08-09T21:00:00
pay_demo000311,order_ORD00309,C0062,349,captured,upi,,2025-12-03T16:00:00
pay_demo000312,order_ORD00310,C0062,799,captured,card,,2025-12-22T00:00:00
pay_demo000313,order_ORD00311,C0062,2598,captured,wallet,,2026-05-17T10:00:00
pay_demo000314,order_ORD00312,C0062,1997,captured,upi,,2026-01-12T00:00:00
pay_demo000315,order_ORD00313,C0062,399,captured,netbanking,,2026-05-09T23:00:00
pay_demo000316,order_ORD00314,C0062,5196,captured,upi,,2026-07-01T03:00:00
pay_demo000317,order_ORD00315,C0062,3097,captured,upi,,2026-05-02T17:00:00
pay_demo000318,order_ORD00316,C0063,399,captured,upi,,2026-05-21T05:00:00
pay_demo000319,order_ORD00317,C0063,1699,captured,card,,2026-04-19T20:00:00
pay_demo000320,order_ORD00318,C0063,7797,captured,upi,,2026-06-10T22:00:00
pay_demo000321,order_ORD00319,C0063,449,captured,upi,,2026-04-08T21:00:00
pay_demo000322,order_ORD00320,C0064,1647,captured,card,,2026-04-26T03:00:00
pay_demo000323,order_ORD00321,C0064,848,captured,wallet,,2026-08-17T08:00:00
pay_demo000324,order_ORD00322,C0064,948,captured,wallet,,2026-08-12T10:00:00
pay_demo000325,order_ORD00323,C0064,449,captured,upi,,2026-07-04T04:00:00
pay_demo000326,order_ORD00324,C0064,3447,captured,wallet,,2026-08-07T10:00:00
pay_demo000327,order_ORD00325,C0064,1947,captured,upi,,2026-06-28T02:00:00
pay_demo000328,order_ORD00326,C0064,1247,captured,card,,2026-04-28T20:00:00
pay_demo000329,order_ORD00327,C0064,998,captured,upi,,2026-06-02T01:00:00
pay_demo000330,order_ORD00328,C0064,799,captured,card,,2026-04-23T04:00:00
pay_demo000331,order_ORD00329,C0065,4398,captured,card,,2026-08-29T01:00:00
pay_demo000332,order_ORD00330,C0065,749,captured,upi,,2026-03-01T20:00:00
pay_demo000333,order_ORD00331,C0065,379,captured,upi,,2026-06-25T01:00:00
pay_demo000334,order_ORD00332,C0066,1299,captured,netbanking,,2026-06-10T02:00:00
pay_demo000335,order_ORD00333,C0066,3327,captured,wallet,,2026-04-28T20:00:00
pay_demo000336,order_ORD00334,C0066,299,captured,upi,,2025-11-29T23:00:00
pay_demo000337,order_ORD00335,C0066,1826,captured,upi,,2025-12-04T16:00:00
pay_demo000338,order_ORD00336,C0067,898,captured,netbanking,,2026-04-02T05:00:00
pay_demo000339,order_ORD00337,C0067,928,captured,upi,,2025-12-02T01:00:00
pay_demo000340,order_ORD00338,C0067,1297,captured,netbanking,,2026-02-22T12:00:00
pay_demo000341,order_ORD00339,C0067,948,captured,wallet,,2026-01-13T04:00:00
pay_demo000342,order_ORD00340,C0067,899,captured,card,,2026-08-15T19:00:00
pay_demo000343,order_ORD00341,C0067,1199,captured,netbanking,,2026-03-26T03:00:00
pay_demo000344,order_ORD00342,C0068,3196,captured,upi,,2026-04-19T22:00:00
pay_demo000345,order_ORD00343,C0068,6298,captured,netbanking,,2026-07-27T18:00:00
pay_demo000346,order_ORD00344,C0068,2196,captured,upi,,2026-03-16T22:00:00
pay_demo000347,order_ORD00345,C0068,2247,captured,card,,2026-04-14T19:00:00
pay_demo000348,order_ORD00346,C0069,2398,captured,wallet,,2026-04-21T03:00:00
pay_demo000349,order_ORD00347,C0070,2998,captured,wallet,,2025-12-02T11:00:00
pay_demo000350,order_ORD00348,C0070,5298,captured,card,,2026-05-24T21:00:00
pay_demo000351,order_ORD00349,C0070,2398,captured,card,,2026-06-01T03:00:00
pay_demo000352,order_ORD00350,C0070,10096,captured,card,,2026-06-19T09:00:00
pay_demo000353,order_ORD00351,C0071,2199,captured,upi,,2026-06-14T19:00:00
pay_demo000354,order_ORD00352,C0071,8096,captured,upi,,2026-05-09T09:00:00
pay_demo000355,order_ORD00353,C0071,1699,captured,upi,,2026-08-06T02:00:00
pay_demo000356,order_ORD00354,C0071,2598,captured,upi,,2026-08-30T02:00:00
pay_demo000357,order_ORD00355,C0072,3198,captured,card,,2026-02-23T00:00:00
pay_demo000358,order_ORD00356,C0072,7147,captured,card,,2026-08-23T03:00:00
pay_demo000359,order_ORD00357,C0072,2499,captured,wallet,,2026-02-11T00:00:00
pay_demo000360,order_ORD00358,C0072,7798,captured,upi,,2026-07-10T16:00:00
pay_demo000361,order_ORD00359,C0072,2348,captured,upi,,2025-11-30T02:00:00
pay_demo000362,order_ORD00360,C0072,7198,captured,card,,2025-12-14T20:00:00
pay_demo000363,order_ORD00361,C0072,2957,captured,card,,2025-12-28T23:00:00
pay_demo000364,order_ORD00362,C0072,2199,captured,upi,,2026-06-12T16:00:00
pay_demo000365,order_ORD00363,C0072,599,captured,upi,,2026-01-18T06:00:00
pay_demo000366,order_ORD00364,C0073,1499,captured,upi,,2026-06-24T07:00:00
pay_demo000367,order_ORD00365,C0074,499,captured,wallet,,2026-03-17T19:00:00
pay_demo000368,order_ORD00366,C0074,4999,captured,wallet,,2025-12-20T18:00:00
pay_demo000369,order_ORD00367,C0074,3596,captured,wallet,,2025-12-18T01:00:00
pay_demo000370,order_ORD00368,C0074,698,captured,upi,,2026-06-05T11:00:00
pay_demo000371,order_ORD00369,C0074,2896,captured,card,,2026-07-09T16:00:00
pay_demo000372,order_ORD00370,C0075,698,captured,netbanking,,2026-08-21T20:00:00
pay_demo000373,order_ORD00371,C0076,1297,captured,card,,2026-06-04T00:00:00
pay_demo000374,order_ORD00372,C0076,828,captured,upi,,2026-05-12T12:00:00
pay_demo000375,order_ORD00373,C0076,1098,captured,card,,2026-05-05T10:00:00
pay_demo000376,order_ORD00374,C0076,1975,captured,wallet,,2025-11-03T08:00:00
pay_demo000377,order_ORD00375,C0076,1199,captured,upi,,2026-06-02T12:00:00
pay_demo000378,order_ORD00376,C0076,299,captured,wallet,,2026-02-17T20:00:00
pay_demo000379,order_ORD00377,C0076,1699,captured,upi,,2025-11-23T22:00:00
pay_demo000380,order_ORD00378,C0077,698,captured,upi,,2026-08-07T21:00:00
pay_demo000381,order_ORD00379,C0077,3098,captured,card,,2026-03-13T11:00:00
pay_demo000382,order_ORD00380,C0077,1798,captured,card,,2026-04-29T05:00:00
pay_demo000383,order_ORD00381,C0077,3798,captured,netbanking,,2026-02-14T12:00:00
pay_demo000384,order_ORD00382,C0077,3398,captured,card,,2026-06-08T04:00:00
pay_demo000385,order_ORD00383,C0077,2698,captured,upi,,2026-09-12T21:00:00
pay_demo000386,order_ORD00384,C0077,599,captured,card,,2025-12-31T05:00:00
pay_demo000387,order_ORD00385,C0077,1699,captured,card,,2026-05-13T01:00:00
pay_demo000388,order_ORD00386,C0077,4298,captured,card,,2026-02-22T17:00:00
pay_demo000389,order_ORD00387,C0077,1397,captured,card,,2026-09-13T05:00:00
pay_demo000390,order_ORD00388,C0077,1699,captured,upi,,2025-11-03T16:00:00
pay_demo000391,order_ORD00389,C0077,9495,captured,upi,,2026-03-05T23:00:00
pay_demo000392,order_ORD00390,C0077,2799,captured,upi,,2026-01-16T12:00:00
pay_demo000393,order_ORD00391,C0077,449,captured,netbanking,,2026-05-28T19:00:00
pay_demo000394,order_ORD00392,C0077,1198,captured,card,,2026-07-21T17:00:00
pay_demo000395,order_ORD00393,C0077,4298,captured,upi,,2026-09-20T21:00:00
pay_demo000396,order_ORD00394,C0077,2398,captured,upi,,2026-07-27T07:00:00
pay_demo000397,order_ORD00395,C0077,3497,captured,card,,2026-02-07T18:00:00
pay_demo000398,order_ORD00396,C0077,14195,captured,wallet,,2026-07-02T16:00:00
pay_demo000399,order_ORD00397,C0077,2998,captured,upi,,2025-11-19T01:00:00
pay_demo000400,order_ORD00398,C0077,3999,captured,wallet,,2026-09-03T01:00:00
pay_demo000401,order_ORD00399,C0078,1798,captured,upi,,2026-09-15T09:00:00
pay_demo000402,order_ORD00400,C0079,2598,captured,card,,2026-07-13T21:00:00
pay_demo000403,order_ORD00401,C0079,4196,captured,wallet,,2026-02-17T05:00:00
pay_demo000404,order_ORD00402,C0079,698,captured,upi,,2025-12-30T02:00:00
pay_demo000405,order_ORD00403,C0079,499,captured,card,,2026-09-01T07:00:00
pay_demo000406,order_ORD00404,C0079,2598,captured,card,,2026-07-18T05:00:00
pay_demo000407,order_ORD00405,C0080,2447,captured,wallet,,2026-01-29T04:00:00
pay_demo000408,order_ORD00406,C0080,299,captured,card,,2026-04-06T09:00:00
pay_demo000409,order_ORD00407,C0080,2798,captured,upi,,2026-01-22T00:00:00
pay_demo000410,order_ORD00408,C0080,2347,captured,upi,,2025-12-04T11:00:00
pay_demo000411,order_ORD00409,C0080,1647,captured,wallet,,2026-07-08T16:00:00
pay_demo000412,order_ORD00410,C0081,1698,captured,upi,,2025-12-27T06:00:00
pay_demo000413,order_ORD00411,C0081,649,captured,card,,2026-06-06T16:00:00
pay_demo000414,order_ORD00412,C0081,1598,captured,card,,2026-02-13T12:00:00
pay_demo000415,order_ORD00413,C0081,1699,captured,upi,,2026-05-25T05:00:00
pay_demo000416,order_ORD00414,C0081,549,captured,upi,,2026-03-29T18:00:00
pay_demo000417,order_ORD00415,C0081,678,captured,upi,,2026-01-04T01:00:00
pay_demo000418,order_ORD00416,C0082,1299,captured,upi,,2026-05-14T18:00:00
pay_demo000419,order_ORD00417,C0082,649,captured,upi,,2026-08-10T03:00:00
pay_demo000420,order_ORD00418,C0082,1948,captured,netbanking,,2026-05-07T11:00:00
pay_demo000421,order_ORD00419,C0083,4297,captured,wallet,,2026-09-11T22:00:00
pay_demo000422,order_ORD00420,C0083,1148,captured,upi,,2025-12-28T20:00:00
pay_demo000423,order_ORD00421,C0083,299,captured,wallet,,2026-03-09T17:00:00
pay_demo000424,order_ORD00422,C0083,2898,captured,upi,,2026-08-21T11:00:00
pay_demo000425,order_ORD00423,C0083,379,captured,upi,,2026-02-01T16:00:00
pay_demo000426,order_ORD00424,C0083,2998,captured,wallet,,2026-05-18T03:00:00
pay_demo000427,order_ORD00425,C0083,1797,captured,netbanking,,2026-04-16T07:00:00
pay_demo000428,order_ORD00426,C0083,1299,captured,upi,,2026-05-12T03:00:00
pay_demo000429,order_ORD00427,C0084,2498,captured,wallet,,2025-10-21T11:00:00
pay_demo000430,order_ORD00428,C0085,1299,captured,upi,,2026-07-28T21:00:00
pay_demo000431,order_ORD00429,C0085,1699,captured,card,,2025-12-22T10:00:00
pay_demo000432,order_ORD00430,C0085,3999,captured,upi,,2026-06-12T01:00:00
pay_demo000433,order_ORD00431,C0085,3698,captured,netbanking,,2026-09-10T01:00:00
pay_demo000434,order_ORD00432,C0085,5898,captured,upi,,2026-08-07T09:00:00
pay_demo000435,order_ORD00433,C0085,2898,captured,upi,,2026-04-17T09:00:00
pay_demo000436,order_ORD00434,C0085,449,captured,card,,2025-11-08T05:00:00
pay_demo000437,order_ORD00435,C0085,9897,captured,card,,2026-07-30T09:00:00
pay_demo000438,order_ORD00436,C0085,1199,captured,upi,,2026-02-12T02:00:00
pay_demo000439,order_ORD00437,C0085,9998,captured,card,,2026-08-23T19:00:00
pay_demo000440,order_ORD00438,C0085,4297,captured,upi,,2026-08-24T20:00:00
pay_demo000441,order_ORD00439,C0085,3798,captured,upi,,2026-04-06T00:00:00
pay_demo000442,order_ORD00440,C0086,1298,captured,upi,,2026-02-12T06:00:00
pay_demo000443,order_ORD00441,C0086,649,captured,card,,2026-07-13T23:00:00
pay_demo000444,order_ORD00442,C0087,3247,captured,upi,,2026-01-16T00:00:00
pay_demo000445,order_ORD00443,C0087,2297,captured,card,,2026-05-11T08:00:00
pay_demo000446,order_ORD00444,C0087,1047,captured,card,,2026-06-19T22:00:00
pay_demo000447,order_ORD00445,C0088,2248,captured,wallet,,2026-06-11T09:00:00
pay_demo000448,order_ORD00446,C0088,9998,captured,upi,,2026-06-03T02:00:00
pay_demo000449,order_ORD00447,C0088,799,captured,upi,,2026-07-25T08:00:00
pay_demo000450,order_ORD00448,C0089,4897,captured,card,,2026-02-09T00:00:00
pay_demo000451,order_ORD00449,C0090,4448,captured,wallet,,2026-07-14T23:00:00
pay_demo000452,order_ORD00450,C0091,5898,captured,upi,,2026-08-22T02:00:00
pay_demo000453,order_ORD00451,C0091,1498,captured,upi,,2026-09-10T19:00:00
pay_demo000454,order_ORD00452,C0092,299,captured,upi,,2026-07-15T09:00:00
pay_demo000455,order_ORD00453,C0092,1598,captured,netbanking,,2026-02-26T02:00:00
pay_demo000456,order_ORD00454,C0092,1148,captured,upi,,2026-07-13T10:00:00
pay_demo000457,order_ORD00455,C0093,4997,captured,upi,,2026-03-25T09:00:00
pay_demo000458,order_ORD00456,C0093,2598,captured,upi,,2026-03-10T06:00:00
pay_demo000459,order_ORD00457,C0093,11597,captured,card,,2026-05-23T11:00:00
pay_demo000460,order_ORD00458,C0093,2898,captured,upi,,2026-07-26T03:00:00
pay_demo000461,order_ORD00459,C0093,6877,captured,card,,2026-03-17T23:00:00
pay_demo000462,order_ORD00460,C0094,4998,captured,card,,2026-02-21T01:00:00
pay_demo000463,order_ORD00461,C0094,7998,captured,upi,,2026-06-04T03:00:00
pay_demo000464,order_ORD00462,C0094,1199,captured,card,,2026-02-12T17:00:00
pay_demo000465,order_ORD00463,C0094,2848,captured,card,,2026-02-03T00:00:00
pay_demo000466,order_ORD00464,C0094,379,captured,card,,2026-02-25T03:00:00
pay_demo000467,order_ORD00465,C0094,1599,captured,upi,,2026-05-29T08:00:00
pay_demo000468,order_ORD00466,C0094,1798,captured,netbanking,,2026-06-30T19:00:00
pay_demo000469,order_ORD00467,C0094,7496,captured,wallet,,2025-11-10T23:00:00
pay_demo000470,order_ORD00468,C0094,4197,captured,card,,2026-03-15T10:00:00
pay_demo000471,order_ORD00469,C0094,9998,captured,netbanking,,2025-12-12T02:00:00
pay_demo000472,order_ORD00470,C0094,9998,captured,netbanking,,2026-01-08T20:00:00
pay_demo000473,order_ORD00471,C0094,6997,captured,upi,,2025-11-22T09:00:00
pay_demo000474,order_ORD00472,C0094,3947,captured,card,,2026-02-17T19:00:00
pay_demo000475,order_ORD00473,C0094,1299,captured,card,,2025-12-14T07:00:00
pay_demo000476,order_ORD00474,C0094,899,captured,wallet,,2026-03-13T05:00:00
pay_demo000477,order_ORD00475,C0094,1299,captured,upi,,2026-04-23T04:00:00
pay_demo000478,order_ORD00476,C0094,7797,captured,upi,,2026-02-22T01:00:00
pay_demo000479,order_ORD00477,C0095,1599,captured,wallet,,2026-01-31T01:00:00
pay_demo000480,order_ORD00478,C0095,2797,captured,upi,,2026-05-23T23:00:00
pay_demo000481,order_ORD00479,C0095,2348,captured,card,,2026-05-12T17:00:00
pay_demo000482,order_ORD00480,C0095,4398,captured,card,,2026-05-16T03:00:00
pay_demo000483,order_ORD00481,C0096,2048,captured,netbanking,,2026-01-03T08:00:00
pay_demo000484,order_ORD00482,C0096,6497,captured,upi,,2025-11-22T19:00:00
pay_demo000485,order_ORD00483,C0096,549,captured,upi,,2026-04-02T06:00:00
pay_demo000486,order_ORD00484,C0096,3796,captured,upi,,2026-04-20T04:00:00
pay_demo000487,order_ORD00485,C0096,1548,captured,upi,,2026-07-11T04:00:00
pay_demo000488,order_ORD00486,C0096,2047,captured,wallet,,2026-02-28T08:00:00
pay_demo000489,order_ORD00487,C0097,599,captured,upi,,2026-05-29T18:00:00
pay_demo000490,order_ORD00488,C0097,549,captured,upi,,2026-01-03T20:00:00
pay_demo000491,order_ORD00489,C0097,299,captured,wallet,,2025-12-29T00:00:00
pay_demo000492,order_ORD00490,C0097,449,captured,netbanking,,2026-05-11T17:00:00
pay_demo000493,order_ORD00491,C0097,2898,captured,netbanking,,2026-03-23T07:00:00
pay_demo000494,order_ORD00492,C0097,2197,captured,card,,2026-09-09T10:00:00
pay_demo000495,order_ORD00493,C0097,1277,captured,card,,2025-12-27T20:00:00
pay_demo000496,order_ORD00494,C0097,1827,captured,upi,,2025-12-11T00:00:00
pay_demo000497,order_ORD00495,C0097,549,captured,card,,2026-02-21T20:00:00
pay_demo000498,order_ORD00496,C0097,449,captured,card,,2026-06-15T11:00:00
pay_demo000499,order_ORD00497,C0098,1599,captured,card,,2026-07-26T01:00:00
pay_demo000500,order_ORD00498,C0098,3797,captured,wallet,,2026-03-25T23:00:00
pay_demo000501,order_ORD00499,C0098,7498,captured,netbanking,,2026-06-10T17:00:00
pay_demo000502,order_ORD00500,C0099,2697,captured,card,,2026-08-23T16:00:00
pay_demo000503,order_ORD00501,C0100,599,captured,card,,2026-08-08T02:00:00
pay_demo000504,order_ORD00502,C0100,2097,captured,wallet,,2026-04-13T19:00:00
pay_demo000505,order_ORD00503,C0100,7547,captured,card,,2026-06-17T10:00:00
pay_demo000506,order_ORD00504,C0100,999,captured,upi,,2026-04-13T04:00:00
pay_demo000507,order_ORD00505,C0101,1477,captured,card,,2025-12-24T12:00:00
pay_demo000508,order_ORD00506,C0101,1377,captured,upi,,2026-02-20T03:00:00
pay_demo000509,order_ORD00507,C0101,399,captured,upi,,2026-01-08T09:00:00
pay_demo000510,order_ORD00508,C0101,1199,captured,upi,,2025-12-15T02:00:00
pay_demo000511,order_ORD00509,C0101,1157,captured,upi,,2025-12-29T09:00:00
pay_demo000512,order_ORD00510,C0101,897,captured,netbanking,,2026-04-30T03:00:00
pay_demo000513,order_ORD00511,C0102,4047,captured,wallet,,2026-07-19T17:00:00
pay_demo000514,order_ORD00512,C0103,649,captured,upi,,2026-05-22T00:00:00
pay_demo000515,order_ORD00513,C0104,5648,captured,upi,,2026-08-29T04:00:00
pay_demo000516,order_ORD00514,C0104,1397,captured,card,,2025-12-05T04:00:00
pay_demo000517,order_ORD00515,C0104,878,captured,wallet,,2026-01-26T04:00:00
pay_demo000518,order_ORD00516,C0104,2797,captured,card,,2025-11-18T00:00:00
pay_demo000519,order_ORD00517,C0104,1897,captured,card,,2026-04-08T03:00:00
pay_demo000520,order_ORD00518,C0104,379,captured,upi,,2026-02-23T07:00:00
pay_demo000521,order_ORD00519,C0104,1447,captured,wallet,,2026-04-09T02:00:00
pay_demo000522,order_ORD00520,C0104,598,captured,upi,,2026-03-20T17:00:00
pay_demo000523,order_ORD00521,C0104,3448,captured,wallet,,2026-03-28T17:00:00
pay_demo000524,order_ORD00522,C0104,299,captured,wallet,,2026-01-03T18:00:00
pay_demo000525,order_ORD00523,C0104,4798,captured,netbanking,,2026-01-15T03:00:00
pay_demo000526,order_ORD00524,C0104,299,captured,wallet,,2026-08-25T22:00:00
pay_demo000527,order_ORD00525,C0104,848,captured,card,,2026-02-08T02:00:00
pay_demo000528,order_ORD00526,C0104,799,captured,wallet,,2026-04-29T10:00:00
pay_demo000529,order_ORD00527,C0104,1598,captured,wallet,,2026-04-08T00:00:00
pay_demo000530,order_ORD00528,C0104,1598,captured,card,,2026-03-27T08:00:00
pay_demo000531,order_ORD00529,C0104,6945,captured,netbanking,,2026-01-04T23:00:00
pay_demo000532,order_ORD00530,C0105,3397,captured,upi,,2025-11-05T05:00:00
pay_demo000533,order_ORD00531,C0105,1899,captured,upi,,2026-05-11T22:00:00
pay_demo000534,order_ORD00532,C0105,2398,captured,card,,2026-02-08T05:00:00
pay_demo000535,order_ORD00533,C0105,1997,captured,wallet,,2026-03-03T05:00:00
pay_demo000536,order_ORD00534,C0105,2798,captured,card,,2025-12-20T08:00:00
pay_demo000537,order_ORD00535,C0105,1399,captured,netbanking,,2026-02-14T04:00:00
pay_demo000538,order_ORD00536,C0106,6298,captured,netbanking,,2026-09-14T01:00:00
pay_demo000539,order_ORD00537,C0107,2499,captured,card,,2026-01-13T02:00:00
pay_demo000540,order_ORD00538,C0108,4398,captured,netbanking,,2026-02-12T01:00:00
pay_demo000541,order_ORD00539,C0108,1997,captured,wallet,,2026-01-02T21:00:00
pay_demo000542,order_ORD00540,C0108,678,captured,upi,,2026-04-02T19:00:00
pay_demo000543,order_ORD00541,C0108,1297,captured,upi,,2026-06-01T01:00:00
pay_demo000544,order_ORD00542,C0108,379,captured,upi,,2026-08-19T22:00:00
pay_demo000545,order_ORD00543,C0108,798,captured,upi,,2026-09-21T05:00:00
pay_demo000546,order_ORD00544,C0108,1199,captured,upi,,2026-03-14T19:00:00
pay_demo000547,order_ORD00545,C0108,379,captured,card,,2025-11-28T19:00:00
pay_demo000548,order_ORD00546,C0108,549,captured,wallet,,2026-06-12T18:00:00
pay_demo000549,order_ORD00547,C0108,1516,captured,wallet,,2026-04-30T12:00:00
pay_demo000550,order_ORD00548,C0108,9998,captured,card,,2025-11-28T08:00:00
pay_demo000551,order_ORD00549,C0108,2798,captured,upi,,2026-08-26T18:00:00
pay_demo000552,order_ORD00550,C0108,1997,captured,card,,2026-06-16T12:00:00
pay_demo000553,order_ORD00551,C0108,4495,captured,card,,2026-09-05T12:00:00
pay_demo000554,order_ORD00552,C0108,6695,captured,upi,,2026-01-29T02:00:00
pay_demo000555,order_ORD00553,C0108,399,captured,upi,,2025-11-18T17:00:00
pay_demo000556,order_ORD00554,C0108,1197,captured,card,,2026-07-27T07:00:00
pay_fail000557,,C0108,798,failed,card,insufficient_funds,2026-09-22T06:00:00
pay_demo000558,order_ORD00555,C0109,6598,captured,upi,,2026-06-02T02:00:00
pay_demo000559,order_ORD00556,C0109,1298,captured,upi,,2026-04-15T10:00:00
pay_demo000560,order_ORD00557,C0109,6797,captured,upi,,2026-05-27T20:00:00
pay_demo000561,order_ORD00558,C0109,2498,captured,wallet,,2026-05-05T19:00:00
pay_demo000562,order_ORD00559,C0109,3947,captured,upi,,2026-06-20T09:00:00
pay_demo000563,order_ORD00560,C0109,3097,captured,netbanking,,2026-04-12T22:00:00
pay_demo000564,order_ORD00561,C0109,2898,captured,upi,,2026-05-29T21:00:00
pay_demo000565,order_ORD00562,C0109,1648,captured,netbanking,,2026-09-02T20:00:00
pay_demo000566,order_ORD00563,C0109,899,captured,card,,2026-07-04T17:00:00
pay_fail000567,,C0109,899,failed,upi,upi_pin_incorrect,2026-09-19T21:00:00
pay_demo000568,order_ORD00564,C0110,379,captured,upi,,2026-06-01T20:00:00
pay_demo000569,order_ORD00565,C0111,9998,captured,upi,,2026-04-04T03:00:00
pay_demo000570,order_ORD00566,C0111,1897,captured,netbanking,,2026-05-04T11:00:00
pay_demo000571,order_ORD00567,C0111,1299,captured,upi,,2025-11-02T20:00:00
pay_demo000572,order_ORD00568,C0111,2799,captured,wallet,,2025-12-08T01:00:00
pay_demo000573,order_ORD00569,C0111,2499,captured,upi,,2025-12-31T02:00:00
pay_demo000574,order_ORD00570,C0112,2799,captured,upi,,2026-02-12T18:00:00
pay_demo000575,order_ORD00571,C0112,5598,captured,card,,2026-03-28T00:00:00
pay_demo000576,order_ORD00572,C0112,5497,captured,upi,,2025-12-07T03:00:00
pay_demo000577,order_ORD00573,C0112,1199,captured,wallet,,2025-12-22T08:00:00
pay_demo000578,order_ORD00574,C0112,1499,captured,upi,,2026-03-27T21:00:00
pay_demo000579,order_ORD00575,C0112,1499,captured,upi,,2026-04-30T23:00:00
pay_demo000580,order_ORD00576,C0112,2498,captured,upi,,2026-01-29T23:00:00
pay_demo000581,order_ORD00577,C0113,5897,captured,upi,,2026-04-03T16:00:00
pay_demo000582,order_ORD00578,C0113,1299,captured,upi,,2025-12-04T06:00:00
pay_demo000583,order_ORD00579,C0113,2499,captured,upi,,2026-03-29T10:00:00
pay_demo000584,order_ORD00580,C0114,1948,captured,card,,2026-09-06T02:00:00
pay_demo000585,order_ORD00581,C0115,4297,captured,card,,2025-11-30T07:00:00
pay_demo000586,order_ORD00582,C0116,4096,captured,netbanking,,2026-01-28T10:00:00
pay_demo000587,order_ORD00583,C0116,1899,captured,card,,2026-07-27T18:00:00
pay_demo000588,order_ORD00584,C0116,2298,captured,upi,,2026-06-27T03:00:00
pay_demo000589,order_ORD00585,C0116,2799,captured,wallet,,2025-12-31T21:00:00
pay_demo000590,order_ORD00586,C0116,4298,captured,netbanking,,2026-01-29T01:00:00
pay_demo000591,order_ORD00587,C0116,1898,captured,upi,,2026-09-20T06:00:00
pay_demo000592,order_ORD00588,C0116,1198,captured,upi,,2026-05-22T21:00:00
pay_demo000593,order_ORD00589,C0116,1499,captured,wallet,,2026-02-03T20:00:00
pay_demo000594,order_ORD00590,C0117,6495,captured,card,,2026-03-25T06:00:00
pay_demo000595,order_ORD00591,C0117,2697,captured,upi,,2025-12-05T05:00:00
pay_demo000596,order_ORD00592,C0117,6196,captured,card,,2026-02-15T17:00:00
pay_demo000597,order_ORD00593,C0117,6547,captured,netbanking,,2025-12-05T17:00:00
pay_demo000598,order_ORD00594,C0117,1299,captured,upi,,2026-09-08T03:00:00
pay_demo000599,order_ORD00595,C0118,1847,captured,upi,,2026-05-16T06:00:00
pay_demo000600,order_ORD00596,C0118,1048,captured,upi,,2026-01-25T00:00:00
pay_demo000601,order_ORD00597,C0118,1699,captured,netbanking,,2025-12-16T18:00:00
pay_demo000602,order_ORD00598,C0118,449,captured,upi,,2026-03-16T10:00:00
pay_demo000603,order_ORD00599,C0118,3198,captured,upi,,2026-01-02T20:00:00
pay_demo000604,order_ORD00600,C0118,4595,captured,wallet,,2026-01-16T00:00:00
pay_demo000605,order_ORD00601,C0119,1346,captured,netbanking,,2026-06-19T02:00:00
pay_demo000606,order_ORD00602,C0119,3696,captured,upi,,2026-06-07T07:00:00
pay_demo000607,order_ORD00603,C0119,649,captured,wallet,,2026-07-09T02:00:00
pay_demo000608,order_ORD00604,C0119,698,captured,netbanking,,2026-05-05T06:00:00
pay_demo000609,order_ORD00605,C0120,1097,captured,card,,2026-02-17T21:00:00
pay_demo000610,order_ORD00606,C0120,2097,captured,netbanking,,2026-01-22T18:00:00
pay_demo000611,order_ORD00607,C0120,299,captured,card,,2026-04-12T06:00:00
pay_demo000612,order_ORD00608,C0120,2398,captured,netbanking,,2026-01-21T10:00:00
pay_demo000613,order_ORD00609,C0120,748,captured,upi,,2026-04-02T17:00:00
pay_demo000614,order_ORD00610,C0120,4847,captured,upi,,2026-01-23T00:00:00
pay_demo000615,order_ORD00611,C0121,2198,captured,upi,,2026-04-11T09:00:00
pay_demo000616,order_ORD00612,C0122,1299,captured,upi,,2026-06-26T22:00:00
pay_demo000617,order_ORD00613,C0122,998,captured,upi,,2026-06-01T23:00:00
pay_demo000618,order_ORD00614,C0123,1648,captured,upi,,2026-09-07T22:00:00
pay_demo000619,order_ORD00615,C0124,4898,captured,upi,,2026-05-17T03:00:00
pay_demo000620,order_ORD00616,C0124,4497,captured,card,,2026-03-28T07:00:00
pay_demo000621,order_ORD00617,C0124,2799,captured,card,,2026-09-01T16:00:00
pay_demo000622,order_ORD00618,C0124,1899,captured,wallet,,2026-06-24T22:00:00
pay_demo000623,order_ORD00619,C0125,1598,captured,upi,,2026-05-08T10:00:00
pay_demo000624,order_ORD00620,C0125,2598,captured,upi,,2026-07-14T04:00:00
pay_demo000625,order_ORD00621,C0125,2647,captured,card,,2026-09-12T12:00:00
pay_demo000626,order_ORD00622,C0125,1899,captured,card,,2026-01-01T19:00:00
pay_demo000627,order_ORD00623,C0125,2299,captured,upi,,2026-04-04T19:00:00
pay_demo000628,order_ORD00624,C0125,5597,captured,wallet,,2026-04-26T10:00:00
pay_demo000629,order_ORD00625,C0125,1399,captured,upi,,2026-06-15T22:00:00
pay_demo000630,order_ORD00626,C0125,8897,captured,netbanking,,2026-08-08T02:00:00
pay_demo000631,order_ORD00627,C0126,1199,captured,card,,2026-01-09T10:00:00
pay_demo000632,order_ORD00628,C0127,1798,captured,upi,,2026-07-01T02:00:00
pay_demo000633,order_ORD00629,C0127,2199,captured,card,,2026-07-26T08:00:00
pay_demo000634,order_ORD00630,C0128,549,captured,upi,,2026-07-15T01:00:00
pay_demo000635,order_ORD00631,C0128,749,captured,netbanking,,2025-12-28T07:00:00
pay_demo000636,order_ORD00632,C0128,4046,captured,upi,,2026-03-10T04:00:00
pay_demo000637,order_ORD00633,C0128,2697,captured,upi,,2026-01-16T23:00:00
pay_demo000638,order_ORD00634,C0128,3797,captured,card,,2026-01-12T18:00:00
pay_demo000639,order_ORD00635,C0129,499,captured,wallet,,2026-08-13T12:00:00
pay_demo000640,order_ORD00636,C0129,299,captured,wallet,,2026-07-22T00:00:00
pay_demo000641,order_ORD00637,C0129,1298,captured,card,,2026-01-19T19:00:00
pay_demo000642,order_ORD00638,C0129,2047,captured,wallet,,2026-09-19T06:00:00
pay_demo000643,order_ORD00639,C0129,349,captured,upi,,2026-09-11T18:00:00
pay_demo000644,order_ORD00640,C0129,648,captured,card,,2026-06-06T01:00:00
pay_demo000645,order_ORD00641,C0129,1598,captured,upi,,2026-01-11T07:00:00
pay_demo000646,order_ORD00642,C0130,10797,captured,card,,2026-06-29T12:00:00
pay_demo000647,order_ORD00643,C0130,6497,captured,upi,,2026-03-05T19:00:00
pay_demo000648,order_ORD00644,C0130,5097,captured,netbanking,,2026-01-13T05:00:00
pay_demo000649,order_ORD00645,C0130,4648,captured,card,,2026-07-01T02:00:00
pay_demo000650,order_ORD00646,C0130,7397,captured,card,,2026-05-01T18:00:00
pay_demo000651,order_ORD00647,C0130,6197,captured,upi,,2026-08-01T11:00:00
pay_demo000652,order_ORD00648,C0131,8196,captured,card,,2026-03-06T22:00:00
pay_demo000653,order_ORD00649,C0132,749,captured,card,,2026-05-10T20:00:00
pay_demo000654,order_ORD00650,C0132,1698,captured,wallet,,2025-12-26T09:00:00
pay_demo000655,order_ORD00651,C0132,2247,captured,wallet,,2026-03-10T04:00:00
pay_demo000656,order_ORD00652,C0132,3398,captured,upi,,2026-04-23T12:00:00
pay_demo000657,order_ORD00653,C0132,1299,captured,card,,2025-12-21T12:00:00
pay_demo000658,order_ORD00654,C0132,1997,captured,card,,2026-03-09T23:00:00
pay_demo000659,order_ORD00655,C0132,3698,captured,upi,,2025-12-02T02:00:00
pay_demo000660,order_ORD00656,C0132,2298,captured,upi,,2026-02-05T07:00:00
pay_demo000661,order_ORD00657,C0132,4196,captured,netbanking,,2026-05-24T12:00:00
pay_demo000662,order_ORD00658,C0133,1307,captured,netbanking,,2026-08-24T05:00:00
pay_demo000663,order_ORD00659,C0134,1446,captured,netbanking,,2026-05-04T16:00:00
pay_demo000664,order_ORD00660,C0134,799,captured,upi,,2026-07-17T10:00:00
pay_demo000665,order_ORD00661,C0134,4397,captured,card,,2026-06-22T22:00:00
pay_demo000666,order_ORD00662,C0135,4596,captured,wallet,,2025-11-07T18:00:00
pay_demo000667,order_ORD00663,C0135,1699,captured,card,,2026-01-03T20:00:00
pay_demo000668,order_ORD00664,C0135,5997,captured,card,,2025-11-05T11:00:00
pay_demo000669,order_ORD00665,C0136,5097,captured,wallet,,2026-08-19T22:00:00
pay_demo000670,order_ORD00666,C0136,4498,captured,upi,,2026-04-23T06:00:00
pay_demo000671,order_ORD00667,C0137,899,captured,upi,,2026-09-08T08:00:00
pay_demo000672,order_ORD00668,C0138,3198,captured,upi,,2026-02-18T07:00:00
pay_demo000673,order_ORD00669,C0138,4177,captured,upi,,2026-01-21T16:00:00
pay_demo000674,order_ORD00670,C0138,299,captured,upi,,2026-03-04T07:00:00
pay_demo000675,order_ORD00671,C0138,4598,captured,wallet,,2026-08-20T11:00:00
pay_demo000676,order_ORD00672,C0138,3595,captured,upi,,2026-06-16T06:00:00
pay_demo000677,order_ORD00673,C0138,1399,captured,upi,,2026-03-18T20:00:00
pay_demo000678,order_ORD00674,C0138,1098,captured,upi,,2026-04-03T11:00:00
pay_demo000679,order_ORD00675,C0138,3798,captured,upi,,2026-06-26T04:00:00
pay_demo000680,order_ORD00676,C0138,4598,captured,netbanking,,2026-08-19T19:00:00
pay_demo000681,order_ORD00677,C0138,899,captured,upi,,2026-07-12T20:00:00
pay_demo000682,order_ORD00678,C0139,4298,captured,upi,,2026-06-25T23:00:00
pay_demo000683,order_ORD00679,C0139,1499,captured,card,,2025-12-18T09:00:00
pay_demo000684,order_ORD00680,C0139,649,captured,card,,2026-04-20T03:00:00
pay_demo000685,order_ORD00681,C0139,999,captured,upi,,2026-03-14T20:00:00
pay_demo000686,order_ORD00682,C0139,599,captured,card,,2026-04-07T08:00:00
pay_demo000687,order_ORD00683,C0139,1699,captured,netbanking,,2026-06-25T04:00:00
pay_demo000688,order_ORD00684,C0139,1199,captured,upi,,2026-04-09T21:00:00
pay_demo000689,order_ORD00685,C0140,379,captured,upi,,2026-06-21T04:00:00
pay_demo000690,order_ORD00686,C0141,1148,captured,card,,2026-05-01T06:00:00
pay_demo000691,order_ORD00687,C0141,2398,captured,netbanking,,2026-05-23T04:00:00
pay_demo000692,order_ORD00688,C0141,1498,captured,wallet,,2026-01-13T17:00:00
pay_demo000693,order_ORD00689,C0141,549,captured,wallet,,2025-12-13T23:00:00
pay_demo000694,order_ORD00690,C0141,4646,captured,upi,,2026-02-10T23:00:00
pay_demo000695,order_ORD00691,C0141,449,captured,card,,2026-06-22T17:00:00
pay_demo000696,order_ORD00692,C0141,799,captured,upi,,2026-07-18T17:00:00
pay_demo000697,order_ORD00693,C0141,3997,captured,netbanking,,2025-12-02T08:00:00
pay_demo000698,order_ORD00694,C0142,379,captured,card,,2026-09-10T10:00:00
pay_fail000699,,C0142,379,failed,upi,insufficient_funds,2026-09-18T00:00:00
pay_demo000700,order_ORD00695,C0143,549,captured,upi,,2026-04-14T23:00:00
pay_demo000701,order_ORD00696,C0143,1297,captured,upi,,2026-05-17T22:00:00
pay_demo000702,order_ORD00697,C0143,1098,captured,upi,,2026-02-02T08:00:00
pay_demo000703,order_ORD00698,C0143,1947,captured,upi,,2026-01-31T09:00:00
pay_demo000704,order_ORD00699,C0144,2798,captured,card,,2026-07-17T01:00:00
pay_demo000705,order_ORD00700,C0144,1948,captured,netbanking,,2026-03-03T18:00:00
pay_demo000706,order_ORD00701,C0145,4999,captured,netbanking,,2026-08-19T17:00:00
pay_demo000707,order_ORD00702,C0145,2598,captured,upi,,2026-01-07T00:00:00
pay_demo000708,order_ORD00703,C0145,2798,captured,card,,2026-06-11T20:00:00
pay_demo000709,order_ORD00704,C0145,8496,captured,wallet,,2026-09-10T05:00:00
pay_demo000710,order_ORD00705,C0145,1599,captured,upi,,2025-12-08T07:00:00
pay_demo000711,order_ORD00706,C0145,2199,captured,card,,2026-09-23T19:00:00
pay_demo000712,order_ORD00707,C0145,1299,captured,wallet,,2026-02-22T02:00:00
pay_demo000713,order_ORD00708,C0145,4697,captured,upi,,2026-08-03T05:00:00
pay_demo000714,order_ORD00709,C0145,1299,captured,card,,2026-07-08T11:00:00
pay_demo000715,order_ORD00710,C0145,1798,captured,upi,,2026-08-31T23:00:00
pay_demo000716,order_ORD00711,C0145,4198,captured,upi,,2026-05-20T19:00:00
pay_demo000717,order_ORD00712,C0145,9997,captured,card,,2026-02-04T11:00:00
pay_demo000718,order_ORD00713,C0145,5397,captured,netbanking,,2026-01-10T18:00:00
pay_demo000719,order_ORD00714,C0145,1599,captured,card,,2026-08-21T23:00:00
pay_demo000720,order_ORD00715,C0145,899,captured,netbanking,,2026-09-21T12:00:00
pay_demo000721,order_ORD00716,C0145,4297,captured,card,,2025-11-19T23:00:00
pay_demo000722,order_ORD00717,C0145,8397,captured,upi,,2026-04-18T05:00:00
pay_demo000723,order_ORD00718,C0145,5697,captured,upi,,2026-08-14T16:00:00
pay_demo000724,order_ORD00719,C0145,4098,captured,card,,2026-08-03T00:00:00
pay_demo000725,order_ORD00720,C0145,4999,captured,netbanking,,2026-02-07T09:00:00
pay_demo000726,order_ORD00721,C0145,3846,captured,wallet,,2026-04-30T05:00:00
pay_demo000727,order_ORD00722,C0146,2095,captured,wallet,,2025-12-26T01:00:00
pay_demo000728,order_ORD00723,C0146,499,captured,netbanking,,2026-07-13T03:00:00
pay_demo000729,order_ORD00724,C0146,2897,captured,netbanking,,2026-05-06T05:00:00
pay_demo000730,order_ORD00725,C0146,399,captured,card,,2026-01-22T08:00:00
pay_demo000731,order_ORD00726,C0146,649,captured,wallet,,2026-06-25T08:00:00
pay_demo000732,order_ORD00727,C0147,799,captured,card,,2026-07-26T01:00:00
pay_demo000733,order_ORD00728,C0147,798,captured,wallet,,2026-08-20T01:00:00
pay_demo000734,order_ORD00729,C0147,1298,captured,netbanking,,2026-04-11T19:00:00
pay_demo000735,order_ORD00730,C0148,1098,captured,card,,2026-06-29T03:00:00
pay_demo000736,order_ORD00731,C0148,998,captured,card,,2026-06-15T01:00:00
pay_demo000737,order_ORD00732,C0148,299,captured,card,,2026-06-06T10:00:00
pay_demo000738,order_ORD00733,C0148,2947,captured,card,,2026-05-24T19:00:00
pay_demo000739,order_ORD00734,C0148,299,captured,upi,,2026-06-24T12:00:00
pay_demo000740,order_ORD00735,C0148,2498,captured,card,,2026-08-06T23:00:00
pay_demo000741,order_ORD00736,C0148,299,captured,upi,,2026-06-23T17:00:00
pay_demo000742,order_ORD00737,C0148,2297,captured,upi,,2026-03-23T21:00:00
pay_demo000743,order_ORD00738,C0149,898,captured,upi,,2026-04-17T17:00:00
pay_demo000744,order_ORD00739,C0149,2348,captured,card,,2026-02-08T05:00:00
pay_demo000745,order_ORD00740,C0149,299,captured,card,,2026-02-24T06:00:00
pay_demo000746,order_ORD00741,C0149,399,captured,upi,,2026-04-02T17:00:00
pay_demo000747,order_ORD00742,C0149,1097,captured,upi,,2026-02-09T02:00:00
pay_demo000748,order_ORD00743,C0149,999,captured,card,,2026-04-18T12:00:00
pay_demo000749,order_ORD00744,C0149,2197,captured,upi,,2026-07-08T10:00:00
pay_demo000750,order_ORD00745,C0149,2047,captured,card,,2026-05-26T10:00:00
pay_demo000751,order_ORD00746,C0150,4596,captured,card,,2025-12-11T23:00:00
pay_demo000752,order_ORD00747,C0150,1899,captured,upi,,2026-02-16T20:00:00
pay_demo000753,order_ORD00748,C0150,2199,captured,card,,2025-11-24T10:00:00
pay_demo000754,order_ORD00749,C0151,1699,captured,netbanking,,2025-12-09T20:00:00
pay_demo000755,order_ORD00750,C0151,3999,captured,card,,2026-05-31T17:00:00
pay_demo000756,order_ORD00751,C0151,3398,captured,netbanking,,2025-12-29T12:00:00
pay_demo000757,order_ORD00752,C0152,3046,captured,upi,,2026-03-08T01:00:00
pay_demo000758,order_ORD00753,C0153,6695,captured,card,,2026-03-16T17:00:00
pay_demo000759,order_ORD00754,C0154,758,captured,wallet,,2026-06-05T16:00:00
pay_demo000760,order_ORD00755,C0154,1599,captured,upi,,2026-04-09T20:00:00
pay_demo000761,order_ORD00756,C0154,4197,captured,wallet,,2026-02-18T03:00:00
pay_demo000762,order_ORD00757,C0154,3296,captured,card,,2026-08-13T18:00:00
pay_demo000763,order_ORD00758,C0154,399,captured,netbanking,,2026-08-08T07:00:00
pay_demo000764,order_ORD00759,C0154,399,captured,card,,2025-12-13T03:00:00
pay_demo000765,order_ORD00760,C0154,3999,captured,card,,2026-05-05T00:00:00
pay_demo000766,order_ORD00761,C0155,6196,captured,upi,,2026-08-01T11:00:00
pay_demo000767,order_ORD00762,C0155,7596,captured,card,,2026-01-05T21:00:00
pay_demo000768,order_ORD00763,C0155,5397,captured,wallet,,2026-06-21T10:00:00
pay_demo000769,order_ORD00764,C0155,4546,captured,upi,,2026-04-03T18:00:00
pay_demo000770,order_ORD00765,C0155,2199,captured,card,,2026-08-07T03:00:00
pay_demo000771,order_ORD00766,C0155,3597,captured,upi,,2026-06-01T09:00:00
pay_demo000772,order_ORD00767,C0155,5298,captured,upi,,2026-03-10T07:00:00
pay_demo000773,order_ORD00768,C0156,2799,captured,upi,,2026-06-14T07:00:00
pay_demo000774,order_ORD00769,C0156,3999,captured,netbanking,,2025-11-06T18:00:00
pay_demo000775,order_ORD00770,C0156,4297,captured,upi,,2025-11-19T23:00:00
pay_demo000776,order_ORD00771,C0156,4598,captured,upi,,2026-04-11T11:00:00
pay_demo000777,order_ORD00772,C0156,1898,captured,upi,,2026-03-24T09:00:00
pay_demo000778,order_ORD00773,C0156,4897,captured,upi,,2026-04-10T05:00:00
pay_demo000779,order_ORD00774,C0156,7998,captured,upi,,2025-11-11T21:00:00
pay_demo000780,order_ORD00775,C0156,6096,captured,upi,,2026-02-24T19:00:00
pay_demo000781,order_ORD00776,C0156,4648,captured,netbanking,,2025-11-27T17:00:00
pay_demo000782,order_ORD00777,C0156,3198,captured,card,,2026-03-27T07:00:00
pay_demo000783,order_ORD00778,C0156,3597,captured,upi,,2025-12-26T19:00:00
pay_demo000784,order_ORD00779,C0156,2297,captured,upi,,2026-08-13T18:00:00
pay_demo000785,order_ORD00780,C0156,2799,captured,upi,,2026-04-20T07:00:00
pay_demo000786,order_ORD00781,C0156,9197,captured,wallet,,2025-11-26T08:00:00
pay_demo000787,order_ORD00782,C0156,1199,captured,upi,,2026-03-13T03:00:00
pay_demo000788,order_ORD00783,C0156,1798,captured,netbanking,,2026-01-03T18:00:00
pay_demo000789,order_ORD00784,C0156,5598,captured,wallet,,2026-04-09T18:00:00
pay_demo000790,order_ORD00785,C0157,3797,captured,netbanking,,2025-11-28T18:00:00
pay_demo000791,order_ORD00786,C0158,1299,captured,netbanking,,2026-03-18T11:00:00
pay_demo000792,order_ORD00787,C0158,3246,captured,upi,,2026-08-21T06:00:00
pay_demo000793,order_ORD00788,C0158,299,captured,upi,,2026-03-29T18:00:00
pay_demo000794,order_ORD00789,C0158,2598,captured,upi,,2026-02-02T21:00:00
pay_demo000795,order_ORD00790,C0158,299,captured,upi,,2026-08-23T08:00:00
pay_demo000796,order_ORD00791,C0159,649,captured,upi,,2026-07-02T16:00:00
pay_demo000797,order_ORD00792,C0159,349,captured,card,,2026-03-03T01:00:00
pay_demo000798,order_ORD00793,C0159,349,captured,upi,,2026-02-13T19:00:00
pay_demo000799,order_ORD00794,C0159,2598,captured,upi,,2026-04-03T19:00:00
pay_demo000800,order_ORD00795,C0159,3596,captured,upi,,2025-11-04T17:00:00
pay_demo000801,order_ORD00796,C0159,1299,captured,upi,,2025-11-17T21:00:00
pay_demo000802,order_ORD00797,C0160,1128,captured,wallet,,2026-01-12T05:00:00
pay_demo000803,order_ORD00798,C0161,1148,captured,upi,,2026-02-06T20:00:00
pay_demo000804,order_ORD00799,C0161,2247,captured,upi,,2025-11-29T11:00:00
pay_demo000805,order_ORD00800,C0161,549,captured,upi,,2026-07-01T22:00:00
pay_demo000806,order_ORD00801,C0161,648,captured,card,,2025-11-10T03:00:00
pay_demo000807,order_ORD00802,C0162,9998,captured,card,,2026-07-04T02:00:00
pay_demo000808,order_ORD00803,C0162,3198,captured,card,,2025-12-16T00:00:00
pay_demo000809,order_ORD00804,C0162,3398,captured,card,,2025-12-24T02:00:00
pay_demo000810,order_ORD00805,C0162,2199,captured,upi,,2026-06-07T18:00:00
pay_demo000811,order_ORD00806,C0162,1599,captured,upi,,2026-08-27T21:00:00
pay_demo000812,order_ORD00807,C0162,2898,captured,card,,2026-07-15T16:00:00
pay_demo000813,order_ORD00808,C0162,2199,captured,upi,,2025-12-17T11:00:00
pay_demo000814,order_ORD00809,C0162,3598,captured,upi,,2026-01-29T07:00:00
pay_demo000815,order_ORD00810,C0162,1198,captured,upi,,2025-11-24T04:00:00
pay_demo000816,order_ORD00811,C0162,2798,captured,upi,,2026-03-07T18:00:00
pay_demo000817,order_ORD00812,C0162,6696,captured,card,,2025-11-10T21:00:00
pay_demo000818,order_ORD00813,C0163,3397,captured,upi,,2026-03-14T19:00:00
pay_demo000819,order_ORD00814,C0163,2148,captured,upi,,2025-12-23T07:00:00
pay_demo000820,order_ORD00815,C0163,4798,captured,wallet,,2026-09-25T19:00:00
pay_demo000821,order_ORD00816,C0163,749,captured,upi,,2026-08-19T11:00:00
pay_demo000822,order_ORD00817,C0163,1798,captured,upi,,2026-07-03T12:00:00
pay_demo000823,order_ORD00818,C0163,6046,captured,upi,,2026-06-16T18:00:00
pay_demo000824,order_ORD00819,C0163,899,captured,card,,2026-09-17T03:00:00
pay_demo000825,order_ORD00820,C0163,2197,captured,card,,2026-01-03T22:00:00
pay_demo000826,order_ORD00821,C0163,2299,captured,wallet,,2025-11-26T05:00:00
pay_demo000827,order_ORD00822,C0163,2298,captured,wallet,,2026-04-13T00:00:00
pay_demo000828,order_ORD00823,C0163,899,captured,card,,2025-11-28T08:00:00
pay_demo000829,order_ORD00824,C0163,999,captured,card,,2026-05-25T16:00:00
pay_demo000830,order_ORD00825,C0163,2199,captured,netbanking,,2026-04-04T11:00:00
pay_demo000831,order_ORD00826,C0163,349,captured,upi,,2026-03-20T07:00:00
pay_demo000832,order_ORD00827,C0163,1399,captured,card,,2026-01-11T19:00:00
pay_demo000833,order_ORD00828,C0163,2097,captured,card,,2026-04-25T21:00:00
pay_demo000834,order_ORD00829,C0163,4396,captured,card,,2026-01-01T12:00:00
pay_demo000835,order_ORD00830,C0164,1448,captured,upi,,2026-09-24T23:00:00
pay_demo000836,order_ORD00831,C0164,698,captured,upi,,2026-09-03T06:00:00
pay_demo000837,order_ORD00832,C0165,299,captured,wallet,,2026-06-10T21:00:00
pay_demo000838,order_ORD00833,C0166,399,captured,upi,,2026-07-14T05:00:00
pay_demo000839,order_ORD00834,C0166,2199,captured,wallet,,2026-05-27T10:00:00
pay_demo000840,order_ORD00835,C0166,1848,captured,card,,2026-08-04T01:00:00
pay_demo000841,order_ORD00836,C0166,599,captured,upi,,2026-02-06T19:00:00
pay_demo000842,order_ORD00837,C0166,3098,captured,upi,,2026-07-24T19:00:00
pay_demo000843,order_ORD00838,C0167,2098,captured,upi,,2026-04-27T23:00:00
pay_demo000844,order_ORD00839,C0167,5556,captured,upi,,2026-05-16T10:00:00
pay_demo000845,order_ORD00840,C0167,549,captured,upi,,2026-04-19T00:00:00
pay_demo000846,order_ORD00841,C0167,4098,captured,upi,,2025-12-21T05:00:00
pay_demo000847,order_ORD00842,C0167,1137,captured,netbanking,,2026-06-16T19:00:00
pay_demo000848,order_ORD00843,C0167,379,captured,wallet,,2026-03-18T20:00:00
pay_demo000849,order_ORD00844,C0167,1347,captured,wallet,,2026-04-17T18:00:00
pay_demo000850,order_ORD00845,C0167,678,captured,netbanking,,2026-09-12T17:00:00
pay_demo000851,order_ORD00846,C0167,2157,captured,card,,2026-09-18T04:00:00
pay_demo000852,order_ORD00847,C0167,2299,captured,upi,,2026-05-29T19:00:00
pay_demo000853,order_ORD00848,C0168,4797,captured,upi,,2026-01-17T10:00:00
pay_demo000854,order_ORD00849,C0168,6097,captured,upi,,2026-04-29T19:00:00
pay_demo000855,order_ORD00850,C0168,1798,captured,upi,,2026-05-30T04:00:00
pay_demo000856,order_ORD00851,C0168,2499,captured,card,,2026-06-07T09:00:00
pay_demo000857,order_ORD00852,C0169,1898,captured,upi,,2026-03-18T21:00:00
pay_demo000858,order_ORD00853,C0169,549,captured,card,,2026-05-18T03:00:00
pay_demo000859,order_ORD00854,C0170,3197,captured,wallet,,2025-12-28T00:00:00
pay_demo000860,order_ORD00855,C0170,1399,captured,wallet,,2026-09-10T04:00:00
pay_demo000861,order_ORD00856,C0170,3356,captured,wallet,,2026-08-24T07:00:00
pay_demo000862,order_ORD00857,C0170,1199,captured,netbanking,,2025-12-19T02:00:00
pay_demo000863,order_ORD00858,C0170,749,captured,card,,2026-08-11T12:00:00
pay_demo000864,order_ORD00859,C0170,2297,captured,upi,,2026-08-21T05:00:00
pay_demo000865,order_ORD00860,C0170,3348,captured,card,,2026-02-20T11:00:00
pay_demo000866,order_ORD00861,C0170,1048,captured,upi,,2025-12-04T09:00:00
pay_fail000867,,C0170,1298,failed,wallet,insufficient_funds,2026-09-25T01:00:00
pay_demo000868,order_ORD00862,C0171,2199,captured,upi,,2026-07-28T10:00:00
pay_demo000869,order_ORD00863,C0171,2598,captured,upi,,2026-08-24T08:00:00
pay_demo000870,order_ORD00864,C0171,1307,captured,upi,,2026-09-05T17:00:00
pay_demo000871,order_ORD00865,C0171,13795,captured,upi,,2026-09-16T03:00:00
pay_demo000872,order_ORD00866,C0171,4999,captured,upi,,2026-06-20T03:00:00
pay_demo000873,order_ORD00867,C0171,899,captured,upi,,2026-01-17T21:00:00
pay_demo000874,order_ORD00868,C0171,3498,captured,upi,,2026-04-16T19:00:00
pay_demo000875,order_ORD00869,C0171,8096,captured,upi,,2025-12-31T21:00:00
pay_demo000876,order_ORD00870,C0172,799,captured,upi,,2025-12-20T16:00:00
pay_demo000877,order_ORD00871,C0173,2248,captured,card,,2026-06-20T00:00:00
pay_demo000878,order_ORD00872,C0173,3198,captured,upi,,2026-08-12T01:00:00
pay_demo000879,order_ORD00873,C0173,4897,captured,card,,2026-06-29T07:00:00
pay_demo000880,order_ORD00874,C0173,11697,captured,wallet,,2026-04-27T12:00:00
pay_demo000881,order_ORD00875,C0174,1998,captured,netbanking,,2026-08-09T22:00:00
pay_demo000882,order_ORD00876,C0174,4998,captured,wallet,,2026-04-23T07:00:00
pay_demo000883,order_ORD00877,C0175,3257,captured,upi,,2026-05-23T07:00:00
pay_demo000884,order_ORD00878,C0175,2498,captured,card,,2026-05-24T18:00:00
pay_demo000885,order_ORD00879,C0175,7294,captured,upi,,2026-06-15T01:00:00
pay_demo000886,order_ORD00880,C0175,2798,captured,netbanking,,2026-08-02T04:00:00
pay_demo000887,order_ORD00881,C0176,6497,captured,upi,,2025-11-18T07:00:00
pay_demo000888,order_ORD00882,C0176,999,captured,card,,2026-04-16T09:00:00
pay_demo000889,order_ORD00883,C0176,1399,captured,card,,2026-04-23T02:00:00
pay_demo000890,order_ORD00884,C0176,5748,captured,upi,,2026-01-11T16:00:00
pay_demo000891,order_ORD00885,C0176,3997,captured,card,,2026-08-21T18:00:00
pay_demo000892,order_ORD00886,C0176,3048,captured,wallet,,2026-06-06T10:00:00
pay_demo000893,order_ORD00887,C0176,999,captured,wallet,,2026-05-06T01:00:00
pay_demo000894,order_ORD00888,C0176,2798,captured,wallet,,2026-05-16T20:00:00
pay_demo000895,order_ORD00889,C0176,1798,captured,upi,,2026-02-24T02:00:00
pay_demo000896,order_ORD00890,C0176,549,captured,upi,,2026-04-14T21:00:00
pay_demo000897,order_ORD00891,C0176,5546,captured,upi,,2026-07-27T22:00:00
pay_demo000898,order_ORD00892,C0177,2798,captured,netbanking,,2026-04-03T07:00:00
pay_demo000899,order_ORD00893,C0178,1199,captured,upi,,2026-01-30T20:00:00
pay_demo000900,order_ORD00894,C0178,1199,captured,card,,2026-01-09T04:00:00
pay_demo000901,order_ORD00895,C0178,399,captured,card,,2026-06-16T03:00:00
pay_demo000902,order_ORD00896,C0178,2055,captured,upi,,2026-08-31T12:00:00
pay_demo000903,order_ORD00897,C0178,848,captured,upi,,2026-06-25T20:00:00
pay_demo000904,order_ORD00898,C0178,599,captured,upi,,2026-07-01T11:00:00
pay_demo000905,order_ORD00899,C0178,598,captured,card,,2026-08-15T01:00:00
pay_demo000906,order_ORD00900,C0178,1199,captured,upi,,2026-07-05T22:00:00
pay_demo000907,order_ORD00901,C0178,2799,captured,card,,2026-07-17T08:00:00
pay_demo000908,order_ORD00902,C0178,3298,captured,upi,,2026-04-06T02:00:00
pay_demo000909,order_ORD00903,C0178,379,captured,card,,2026-05-16T10:00:00
pay_demo000910,order_ORD00904,C0178,2398,captured,card,,2025-11-30T12:00:00
pay_demo000911,order_ORD00905,C0178,1748,captured,netbanking,,2026-04-23T03:00:00
pay_demo000912,order_ORD00906,C0178,1098,captured,upi,,2026-02-21T02:00:00
pay_demo000913,order_ORD00907,C0178,1198,captured,netbanking,,2026-01-24T06:00:00
pay_demo000914,order_ORD00908,C0178,379,captured,card,,2026-04-07T05:00:00
pay_demo000915,order_ORD00909,C0178,549,captured,upi,,2026-06-02T09:00:00
pay_demo000916,order_ORD00910,C0179,998,captured,card,,2026-07-22T17:00:00
pay_demo000917,order_ORD00911,C0179,3196,captured,card,,2026-02-11T01:00:00
pay_demo000918,order_ORD00912,C0180,549,captured,netbanking,,2026-09-18T21:00:00
pay_demo000919,order_ORD00913,C0180,2798,captured,wallet,,2025-12-24T22:00:00
pay_demo000920,order_ORD00914,C0180,299,captured,wallet,,2026-03-22T16:00:00
pay_demo000921,order_ORD00915,C0180,3697,captured,card,,2026-03-19T03:00:00
pay_demo000922,order_ORD00916,C0180,999,captured,card,,2026-04-15T07:00:00
pay_demo000923,order_ORD00917,C0180,349,captured,card,,2026-08-14T02:00:00
pay_demo000924,order_ORD00918,C0180,3347,captured,upi,,2026-06-12T12:00:00
pay_demo000925,order_ORD00919,C0180,1998,captured,wallet,,2026-06-13T22:00:00
pay_demo000926,order_ORD00920,C0180,999,captured,upi,,2026-08-15T00:00:00
pay_demo000927,order_ORD00921,C0181,899,captured,card,,2026-07-27T09:00:00
pay_demo000928,order_ORD00922,C0181,3297,captured,card,,2026-02-10T18:00:00
pay_demo000929,order_ORD00923,C0181,2499,captured,upi,,2026-08-12T07:00:00
pay_demo000930,order_ORD00924,C0181,899,captured,upi,,2025-12-19T17:00:00
pay_demo000931,order_ORD00925,C0181,5097,captured,wallet,,2026-05-20T09:00:00
pay_demo000932,order_ORD00926,C0181,9998,captured,netbanking,,2026-06-28T20:00:00
pay_demo000933,order_ORD00927,C0181,4998,captured,upi,,2026-01-20T08:00:00
pay_demo000934,order_ORD00928,C0182,2698,captured,card,,2025-12-12T18:00:00
pay_demo000935,order_ORD00929,C0183,1448,captured,card,,2026-09-18T01:00:00
pay_demo000936,order_ORD00930,C0183,899,captured,card,,2026-09-25T00:00:00
pay_demo000937,order_ORD00931,C0184,7998,captured,netbanking,,2026-02-13T12:00:00
pay_demo000938,order_ORD00932,C0184,799,captured,upi,,2026-03-02T08:00:00
pay_demo000939,order_ORD00933,C0184,349,captured,upi,,2026-07-13T09:00:00
pay_demo000940,order_ORD00934,C0185,2798,captured,card,,2026-03-02T20:00:00
pay_demo000941,order_ORD00935,C0185,6347,captured,card,,2026-03-14T00:00:00
pay_demo000942,order_ORD00936,C0185,1199,captured,wallet,,2026-05-17T10:00:00
pay_demo000943,order_ORD00937,C0186,5897,captured,upi,,2026-08-26T03:00:00
pay_demo000944,order_ORD00938,C0186,2348,captured,netbanking,,2026-09-24T19:00:00
pay_demo000945,order_ORD00939,C0187,1199,captured,upi,,2026-07-07T04:00:00
pay_demo000946,order_ORD00940,C0187,1598,captured,card,,2026-08-05T20:00:00
pay_demo000947,order_ORD00941,C0187,1548,captured,card,,2026-04-08T23:00:00
pay_demo000948,order_ORD00942,C0187,698,captured,wallet,,2026-03-27T12:00:00
pay_demo000949,order_ORD00943,C0188,1647,captured,netbanking,,2026-09-06T05:00:00
pay_demo000950,order_ORD00944,C0188,728,captured,upi,,2026-08-30T12:00:00
pay_demo000951,order_ORD00945,C0189,2299,captured,upi,,2026-06-12T08:00:00
pay_demo000952,order_ORD00946,C0189,1098,captured,upi,,2026-09-02T19:00:00
pay_demo000953,order_ORD00947,C0190,3698,captured,upi,,2026-09-01T03:00:00
pay_demo000954,order_ORD00948,C0190,1648,captured,netbanking,,2026-08-16T22:00:00
pay_demo000955,order_ORD00949,C0190,4696,captured,upi,,2026-03-21T10:00:00
pay_demo000956,order_ORD00950,C0191,2398,captured,upi,,2026-03-13T17:00:00
pay_demo000957,order_ORD00951,C0191,1998,captured,card,,2025-11-23T03:00:00
pay_demo000958,order_ORD00952,C0191,948,captured,upi,,2026-01-09T16:00:00
pay_demo000959,order_ORD00953,C0191,1899,captured,wallet,,2026-06-24T10:00:00
pay_demo000960,order_ORD00954,C0191,379,captured,upi,,2026-07-11T05:00:00
pay_demo000961,order_ORD00955,C0191,379,captured,card,,2025-12-08T09:00:00
pay_demo000962,order_ORD00956,C0191,1098,captured,upi,,2025-11-26T08:00:00
pay_demo000963,order_ORD00957,C0192,3178,captured,card,,2026-01-09T20:00:00
pay_demo000964,order_ORD00958,C0193,299,captured,upi,,2026-05-24T04:00:00
pay_demo000965,order_ORD00959,C0193,799,captured,upi,,2026-01-22T20:00:00
pay_demo000966,order_ORD00960,C0193,1199,captured,upi,,2026-02-05T16:00:00
pay_demo000967,order_ORD00961,C0193,5097,captured,wallet,,2026-01-10T04:00:00
pay_demo000968,order_ORD00962,C0193,1497,captured,card,,2026-05-10T01:00:00
pay_demo000969,order_ORD00963,C0193,299,captured,upi,,2026-01-15T11:00:00
pay_demo000970,order_ORD00964,C0193,2798,captured,wallet,,2026-03-10T05:00:00
pay_demo000971,order_ORD00965,C0194,2798,captured,wallet,,2026-02-22T02:00:00
pay_demo000972,order_ORD00966,C0194,6598,captured,upi,,2026-04-24T16:00:00
pay_demo000973,order_ORD00967,C0194,4998,captured,card,,2026-02-10T07:00:00
pay_demo000974,order_ORD00968,C0194,649,captured,upi,,2025-12-29T05:00:00
pay_demo000975,order_ORD00969,C0194,4597,captured,upi,,2025-11-07T11:00:00
pay_demo000976,order_ORD00970,C0195,1299,captured,netbanking,,2026-09-15T21:00:00
pay_demo000977,order_ORD00971,C0195,1198,captured,wallet,,2026-09-07T00:00:00
pay_demo000978,order_ORD00972,C0196,2357,captured,upi,,2026-02-25T12:00:00
pay_demo000979,order_ORD00973,C0196,798,captured,card,,2026-08-21T11:00:00
pay_demo000980,order_ORD00974,C0196,9998,captured,netbanking,,2026-09-23T06:00:00
pay_demo000981,order_ORD00975,C0196,898,captured,netbanking,,2026-05-21T01:00:00
pay_demo000982,order_ORD00976,C0196,2994,captured,card,,2025-11-05T07:00:00
pay_demo000983,order_ORD00977,C0196,1098,captured,card,,2026-02-27T07:00:00
pay_demo000984,order_ORD00978,C0196,4999,captured,card,,2026-06-24T12:00:00
pay_demo000985,order_ORD00979,C0196,549,captured,netbanking,,2026-09-01T06:00:00
pay_demo000986,order_ORD00980,C0196,1199,captured,card,,2026-05-14T18:00:00
pay_demo000987,order_ORD00981,C0196,399,captured,upi,,2026-08-01T00:00:00
pay_demo000988,order_ORD00982,C0197,7998,captured,upi,,2026-03-25T18:00:00
pay_demo000989,order_ORD00983,C0197,5298,captured,wallet,,2026-02-24T18:00:00
pay_demo000990,order_ORD00984,C0197,1699,captured,card,,2026-06-12T04:00:00
pay_demo000991,order_ORD00985,C0197,6197,captured,card,,2026-07-04T01:00:00
pay_demo000992,order_ORD00986,C0197,8597,captured,upi,,2026-05-21T00:00:00
pay_demo000993,order_ORD00987,C0197,2799,captured,netbanking,,2026-01-08T11:00:00
pay_demo000994,order_ORD00988,C0197,598,captured,upi,,2026-06-03T16:00:00
pay_demo000995,order_ORD00989,C0198,2198,captured,wallet,,2026-01-27T10:00:00
pay_demo000996,order_ORD00990,C0198,1797,captured,upi,,2026-07-22T11:00:00
pay_demo000997,order_ORD00991,C0198,10295,captured,upi,,2026-09-12T22:00:00
pay_demo000998,order_ORD00992,C0198,2398,captured,upi,,2026-07-24T20:00:00
pay_demo000999,order_ORD00993,C0198,998,captured,wallet,,2026-03-03T11:00:00
pay_demo001000,order_ORD00994,C0198,8897,captured,netbanking,,2026-08-25T10:00:00
pay_demo001001,order_ORD00995,C0199,899,captured,wallet,,2026-08-17T20:00:00
pay_demo001002,order_ORD00996,C0199,1497,captured,card,,2026-05-27T04:00:00
pay_demo001003,order_ORD00997,C0199,399,captured,upi,,2026-02-05T00:00:00
pay_demo001004,order_ORD00998,C0199,1298,captured,wallet,,2026-08-27T04:00:00
pay_demo001005,order_ORD00999,C0200,7797,captured,upi,,2026-08-25T16:00:00
pay_demo001006,order_ORD01000,C0201,2598,captured,netbanking,,2026-04-24T03:00:00
pay_demo001007,order_ORD01001,C0201,3897,captured,upi,,2026-02-04T00:00:00
pay_demo001008,order_ORD01002,C0201,1746,captured,upi,,2026-01-05T22:00:00
pay_demo001009,order_ORD01003,C0201,3146,captured,wallet,,2025-12-16T05:00:00
pay_demo001010,order_ORD01004,C0201,1798,captured,card,,2026-05-22T07:00:00
pay_demo001011,order_ORD01005,C0202,948,captured,netbanking,,2026-04-24T17:00:00
pay_demo001012,order_ORD01006,C0202,2448,captured,card,,2026-06-18T12:00:00
pay_demo001013,order_ORD01007,C0202,449,captured,netbanking,,2026-09-15T11:00:00
pay_demo001014,order_ORD01008,C0202,449,captured,wallet,,2025-12-29T10:00:00
pay_demo001015,order_ORD01009,C0202,2396,captured,netbanking,,2026-05-04T17:00:00
pay_demo001016,order_ORD01010,C0202,1476,captured,upi,,2026-08-07T10:00:00
pay_demo001017,order_ORD01011,C0202,449,captured,card,,2026-06-01T05:00:00
pay_demo001018,order_ORD01012,C0202,598,captured,card,,2026-07-11T20:00:00
pay_demo001019,order_ORD01013,C0203,349,captured,upi,,2026-01-06T16:00:00
pay_demo001020,order_ORD01014,C0204,3697,captured,upi,,2026-02-18T00:00:00
pay_demo001021,order_ORD01015,C0205,3598,captured,card,,2026-09-08T17:00:00
pay_demo001022,order_ORD01016,C0206,749,captured,upi,,2026-09-02T00:00:00
pay_demo001023,order_ORD01017,C0206,549,captured,card,,2026-08-31T16:00:00
pay_demo001024,order_ORD01018,C0207,1899,captured,upi,,2026-09-03T02:00:00
pay_demo001025,order_ORD01019,C0207,549,captured,card,,2026-08-23T12:00:00
pay_demo001026,order_ORD01020,C0208,1698,captured,upi,,2026-06-10T18:00:00
pay_demo001027,order_ORD01021,C0208,3897,captured,card,,2026-09-17T05:00:00
pay_demo001028,order_ORD01022,C0208,5397,captured,upi,,2026-03-20T09:00:00
pay_demo001029,order_ORD01023,C0208,649,captured,upi,,2026-07-20T21:00:00
pay_demo001030,order_ORD01024,C0208,2598,captured,card,,2026-01-16T20:00:00
pay_demo001031,order_ORD01025,C0208,11897,captured,upi,,2026-06-09T09:00:00
pay_demo001032,order_ORD01026,C0208,2199,captured,upi,,2026-05-30T02:00:00
pay_demo001033,order_ORD01027,C0208,947,captured,upi,,2026-08-15T19:00:00
pay_demo001034,order_ORD01028,C0208,899,captured,upi,,2026-09-14T00:00:00
pay_demo001035,order_ORD01029,C0209,649,captured,card,,2025-10-30T23:00:00
pay_demo001036,order_ORD01030,C0210,1599,captured,netbanking,,2026-04-26T00:00:00
pay_demo001037,order_ORD01031,C0211,1699,captured,card,,2026-05-12T05:00:00
pay_demo001038,order_ORD01032,C0212,4999,captured,card,,2026-08-05T08:00:00
pay_demo001039,order_ORD01033,C0212,5297,captured,netbanking,,2025-12-09T00:00:00
pay_demo001040,order_ORD01034,C0212,6598,captured,card,,2026-02-09T10:00:00
pay_demo001041,order_ORD01035,C0212,1498,captured,netbanking,,2026-04-19T07:00:00
pay_demo001042,order_ORD01036,C0212,4998,captured,wallet,,2026-06-18T03:00:00
pay_demo001043,order_ORD01037,C0212,7198,captured,upi,,2026-04-19T00:00:00
pay_demo001044,order_ORD01038,C0212,2547,captured,upi,,2026-04-10T02:00:00
pay_demo001045,order_ORD01039,C0212,1798,captured,upi,,2025-11-20T16:00:00
pay_demo001046,order_ORD01040,C0212,4398,captured,wallet,,2026-07-04T20:00:00
pay_demo001047,order_ORD01041,C0212,2199,captured,upi,,2026-05-17T12:00:00
pay_demo001048,order_ORD01042,C0212,1299,captured,card,,2026-04-28T08:00:00
pay_demo001049,order_ORD01043,C0212,3947,captured,upi,,2026-04-06T03:00:00
pay_demo001050,order_ORD01044,C0212,2499,captured,upi,,2026-09-11T04:00:00
pay_demo001051,order_ORD01045,C0212,3897,captured,netbanking,,2025-11-29T22:00:00
pay_demo001052,order_ORD01046,C0212,4998,captured,card,,2026-05-09T12:00:00
pay_demo001053,order_ORD01047,C0212,1299,captured,card,,2026-01-29T05:00:00
pay_demo001054,order_ORD01048,C0212,598,captured,netbanking,,2026-03-08T19:00:00
pay_demo001055,order_ORD01049,C0212,5398,captured,card,,2026-08-29T16:00:00
pay_demo001056,order_ORD01050,C0212,4497,captured,netbanking,,2026-03-18T12:00:00
pay_demo001057,order_ORD01051,C0212,5298,captured,upi,,2026-06-17T11:00:00
pay_demo001058,order_ORD01052,C0212,2199,captured,netbanking,,2026-08-03T11:00:00
pay_demo001059,order_ORD01053,C0213,2499,captured,netbanking,,2026-02-25T11:00:00
pay_demo001060,order_ORD01054,C0213,2598,captured,upi,,2026-07-12T18:00:00
pay_demo001061,order_ORD01055,C0213,2199,captured,wallet,,2026-08-03T05:00:00
pay_demo001062,order_ORD01056,C0213,6298,captured,upi,,2026-04-10T06:00:00
pay_demo001063,order_ORD01057,C0214,898,captured,upi,,2026-01-25T20:00:00
pay_demo001064,order_ORD01058,C0214,2697,captured,card,,2026-08-20T21:00:00
pay_demo001065,order_ORD01059,C0214,2499,captured,wallet,,2026-01-30T04:00:00
pay_demo001066,order_ORD01060,C0214,1299,captured,card,,2025-12-16T23:00:00
pay_demo001067,order_ORD01061,C0214,3498,captured,wallet,,2026-06-29T04:00:00
pay_demo001068,order_ORD01062,C0214,7596,captured,upi,,2026-09-10T20:00:00
pay_demo001069,order_ORD01063,C0214,8295,captured,netbanking,,2026-07-16T02:00:00
pay_fail001070,,C0214,349,failed,card,card_expired,2026-09-22T12:00:00
pay_demo001071,order_ORD01064,C0215,1648,captured,netbanking,,2025-12-26T02:00:00
pay_demo001072,order_ORD01065,C0216,899,captured,upi,,2026-09-01T16:00:00
pay_demo001073,order_ORD01066,C0216,549,captured,card,,2026-09-09T22:00:00
pay_demo001074,order_ORD01067,C0217,1299,captured,upi,,2026-04-26T18:00:00
pay_demo001075,order_ORD01068,C0217,1598,captured,upi,,2026-07-04T07:00:00
pay_demo001076,order_ORD01069,C0217,5897,captured,upi,,2026-02-02T21:00:00
pay_demo001077,order_ORD01070,C0217,3597,captured,netbanking,,2026-05-26T12:00:00
pay_demo001078,order_ORD01071,C0217,499,captured,card,,2026-06-23T09:00:00
pay_demo001079,order_ORD01072,C0217,698,captured,upi,,2026-03-19T05:00:00
pay_demo001080,order_ORD01073,C0217,1299,captured,upi,,2026-08-30T09:00:00
pay_demo001081,order_ORD01074,C0217,5495,captured,card,,2026-01-26T17:00:00
pay_demo001082,order_ORD01075,C0218,1098,captured,upi,,2025-11-20T07:00:00
pay_demo001083,order_ORD01076,C0219,299,captured,netbanking,,2026-01-10T01:00:00
pay_demo001084,order_ORD01077,C0219,449,captured,netbanking,,2026-04-27T12:00:00
pay_demo001085,order_ORD01078,C0219,758,captured,upi,,2026-01-16T01:00:00
pay_demo001086,order_ORD01079,C0219,4297,captured,netbanking,,2026-03-24T21:00:00
pay_demo001087,order_ORD01080,C0219,549,captured,upi,,2026-09-07T16:00:00
pay_demo001088,order_ORD01081,C0219,2398,captured,wallet,,2026-06-04T18:00:00
pay_demo001089,order_ORD01082,C0219,2777,captured,upi,,2026-03-16T08:00:00
pay_demo001090,order_ORD01083,C0219,2097,captured,upi,,2026-03-01T04:00:00
pay_demo001091,order_ORD01084,C0219,748,captured,netbanking,,2026-01-24T04:00:00
pay_demo001092,order_ORD01085,C0219,1057,captured,upi,,2026-04-05T20:00:00
pay_demo001093,order_ORD01086,C0220,399,captured,card,,2026-07-28T12:00:00
pay_demo001094,order_ORD01087,C0220,1199,captured,upi,,2026-03-25T17:00:00
pay_demo001095,order_ORD01088,C0220,1198,captured,netbanking,,2026-02-28T10:00:00
pay_demo001096,order_ORD01089,C0220,2394,captured,card,,2026-09-18T00:00:00
pay_demo001097,order_ORD01090,C0220,758,captured,upi,,2026-03-20T04:00:00
pay_demo001098,order_ORD01091,C0220,1598,captured,upi,,2026-04-08T20:00:00
pay_demo001099,order_ORD01092,C0220,449,captured,card,,2026-01-04T23:00:00
pay_demo001100,order_ORD01093,C0220,999,captured,card,,2026-02-27T05:00:00
pay_demo001101,order_ORD01094,C0220,2398,captured,card,,2026-01-23T01:00:00
pay_demo001102,order_ORD01095,C0220,299,captured,card,,2026-04-20T23:00:00
pay_demo001103,order_ORD01096,C0220,998,captured,card,,2026-03-29T17:00:00
pay_demo001104,order_ORD01097,C0220,399,captured,netbanking,,2025-12-01T05:00:00
pay_demo001105,order_ORD01098,C0220,2494,captured,upi,,2025-11-19T19:00:00
pay_demo001106,order_ORD01099,C0221,4546,captured,upi,,2025-12-17T16:00:00
pay_demo001107,order_ORD01100,C0222,4999,captured,wallet,,2025-10-10T19:00:00
pay_demo001108,order_ORD01101,C0223,899,captured,card,,2025-12-18T01:00:00
pay_demo001109,order_ORD01102,C0223,2199,captured,netbanking,,2026-08-11T07:00:00
pay_demo001110,order_ORD01103,C0223,1699,captured,wallet,,2026-01-07T23:00:00
pay_demo001111,order_ORD01104,C0223,3897,captured,wallet,,2026-06-08T19:00:00
pay_demo001112,order_ORD01105,C0223,1599,captured,card,,2026-07-07T01:00:00
pay_demo001113,order_ORD01106,C0223,9998,captured,upi,,2026-06-29T07:00:00
pay_demo001114,order_ORD01107,C0223,13096,captured,wallet,,2026-08-24T00:00:00
pay_demo001115,order_ORD01108,C0223,1899,captured,upi,,2026-06-25T18:00:00
pay_demo001116,order_ORD01109,C0223,899,captured,upi,,2026-08-22T04:00:00
pay_demo001117,order_ORD01110,C0223,4999,captured,upi,,2026-09-06T05:00:00
pay_demo001118,order_ORD01111,C0224,349,captured,upi,,2026-04-06T08:00:00
pay_demo001119,order_ORD01112,C0225,6495,captured,upi,,2026-08-07T02:00:00
pay_demo001120,order_ORD01113,C0225,1399,captured,upi,,2026-06-25T02:00:00
pay_demo001121,order_ORD01114,C0225,549,captured,netbanking,,2025-11-29T04:00:00
pay_demo001122,order_ORD01115,C0225,2798,captured,wallet,,2026-09-25T16:00:00
pay_demo001123,order_ORD01116,C0225,2297,captured,card,,2026-08-08T09:00:00
pay_demo001124,order_ORD01117,C0225,3097,captured,card,,2026-07-04T10:00:00
pay_demo001125,order_ORD01118,C0225,2299,captured,wallet,,2026-08-20T09:00:00
pay_demo001126,order_ORD01119,C0225,2199,captured,wallet,,2025-12-15T19:00:00
pay_demo001127,order_ORD01120,C0225,2897,captured,upi,,2026-01-14T17:00:00
pay_demo001128,order_ORD01121,C0225,3348,captured,upi,,2026-09-02T01:00:00
pay_demo001129,order_ORD01122,C0226,2648,captured,upi,,2025-12-30T19:00:00
pay_demo001130,order_ORD01123,C0226,1697,captured,wallet,,2026-05-22T08:00:00
pay_demo001131,order_ORD01124,C0226,1299,captured,card,,2026-09-19T17:00:00
pay_demo001132,order_ORD01125,C0226,1598,captured,netbanking,,2026-01-21T04:00:00
pay_demo001133,order_ORD01126,C0226,349,captured,upi,,2026-02-09T19:00:00
pay_demo001134,order_ORD01127,C0226,1497,captured,upi,,2025-12-24T18:00:00
pay_demo001135,order_ORD01128,C0226,2197,captured,upi,,2026-06-24T22:00:00
pay_demo001136,order_ORD01129,C0226,1299,captured,upi,,2026-07-27T00:00:00
pay_demo001137,order_ORD01130,C0226,2598,captured,upi,,2026-02-09T03:00:00
pay_demo001138,order_ORD01131,C0226,1098,captured,card,,2026-04-21T07:00:00
pay_demo001139,order_ORD01132,C0227,1498,captured,card,,2026-05-22T11:00:00
pay_demo001140,order_ORD01133,C0227,2697,captured,upi,,2026-07-26T00:00:00
pay_demo001141,order_ORD01134,C0227,3548,captured,upi,,2026-02-28T19:00:00
pay_demo001142,order_ORD01135,C0227,5647,captured,upi,,2026-06-29T20:00:00
pay_fail001143,,C0227,2299,failed,card,card_expired,2026-09-15T17:00:00
pay_demo001144,order_ORD01136,C0228,3698,captured,upi,,2026-06-10T21:00:00
pay_demo001145,order_ORD01137,C0228,3798,captured,upi,,2026-08-13T18:00:00
pay_demo001146,order_ORD01138,C0228,899,captured,card,,2026-02-04T18:00:00
pay_demo001147,order_ORD01139,C0228,2048,captured,wallet,,2026-08-13T11:00:00
pay_demo001148,order_ORD01140,C0228,3547,captured,upi,,2026-04-24T04:00:00
pay_fail001149,,C0228,3999,failed,card,insufficient_funds,2026-09-15T14:00:00
pay_demo001150,order_ORD01141,C0229,299,captured,wallet,,2026-05-11T19:00:00
pay_demo001151,order_ORD01142,C0229,1298,captured,upi,,2026-07-22T06:00:00
pay_demo001152,order_ORD01143,C0229,299,captured,upi,,2026-05-09T07:00:00
pay_demo001153,order_ORD01144,C0229,9445,captured,upi,,2026-09-10T08:00:00
pay_demo001154,order_ORD01145,C0229,5094,captured,card,,2026-08-26T01:00:00
pay_demo001155,order_ORD01146,C0229,948,captured,upi,,2026-06-26T06:00:00
pay_demo001156,order_ORD01147,C0229,1648,captured,card,,2026-07-27T09:00:00
pay_demo001157,order_ORD01148,C0229,549,captured,netbanking,,2026-01-22T05:00:00
pay_demo001158,order_ORD01149,C0229,948,captured,netbanking,,2026-08-04T02:00:00
pay_demo001159,order_ORD01150,C0230,299,captured,netbanking,,2026-08-19T07:00:00
pay_demo001160,order_ORD01151,C0230,349,captured,card,,2026-03-21T03:00:00
pay_demo001161,order_ORD01152,C0230,1499,captured,card,,2026-03-09T05:00:00
pay_demo001162,order_ORD01153,C0230,7998,captured,upi,,2026-08-15T06:00:00
pay_demo001163,order_ORD01154,C0231,649,captured,wallet,,2026-01-12T07:00:00
pay_demo001164,order_ORD01155,C0231,3397,captured,upi,,2026-05-08T21:00:00
pay_demo001165,order_ORD01156,C0231,2196,captured,netbanking,,2026-08-03T17:00:00
pay_demo001166,order_ORD01157,C0231,2598,captured,wallet,,2026-07-22T16:00:00
pay_demo001167,order_ORD01158,C0231,758,captured,upi,,2026-09-05T16:00:00
pay_demo001168,order_ORD01159,C0231,3246,captured,card,,2026-08-22T10:00:00
pay_demo001169,order_ORD01160,C0231,4297,captured,netbanking,,2026-02-05T02:00:00
pay_demo001170,order_ORD01161,C0232,299,captured,upi,,2026-06-05T02:00:00
pay_demo001171,order_ORD01162,C0232,4697,captured,card,,2026-03-16T19:00:00
pay_demo001172,order_ORD01163,C0233,3097,captured,upi,,2026-07-30T10:00:00
pay_demo001173,order_ORD01164,C0233,4396,captured,netbanking,,2026-07-03T21:00:00
pay_demo001174,order_ORD01165,C0234,3297,captured,card,,2026-08-23T05:00:00
pay_demo001175,order_ORD01166,C0235,698,captured,upi,,2026-09-04T20:00:00
pay_demo001176,order_ORD01167,C0236,7996,captured,netbanking,,2026-09-13T07:00:00
pay_demo001177,order_ORD01168,C0236,1399,captured,netbanking,,2026-09-17T23:00:00
pay_demo001178,order_ORD01169,C0237,728,captured,upi,,2025-10-23T10:00:00
pay_demo001179,order_ORD01170,C0238,4997,captured,card,,2026-04-09T09:00:00
pay_demo001180,order_ORD01171,C0239,5147,captured,upi,,2026-09-07T22:00:00
pay_demo001181,order_ORD01172,C0239,1648,captured,upi,,2025-12-20T09:00:00
pay_demo001182,order_ORD01173,C0239,2199,captured,upi,,2026-05-21T20:00:00
pay_demo001183,order_ORD01174,C0239,899,captured,wallet,,2026-04-01T12:00:00
pay_demo001184,order_ORD01175,C0239,1199,captured,card,,2026-05-02T22:00:00
pay_demo001185,order_ORD01176,C0239,1399,captured,upi,,2026-08-25T17:00:00
pay_demo001186,order_ORD01177,C0239,3198,captured,upi,,2026-01-14T09:00:00
pay_demo001187,order_ORD01178,C0239,2747,captured,upi,,2026-05-12T10:00:00
pay_demo001188,order_ORD01179,C0239,1098,captured,netbanking,,2025-12-07T07:00:00
pay_demo001189,order_ORD01180,C0239,2298,captured,netbanking,,2026-04-12T05:00:00
pay_demo001190,order_ORD01181,C0240,1548,captured,card,,2026-07-02T01:00:00
pay_demo001191,order_ORD01182,C0240,9998,captured,upi,,2026-08-10T22:00:00
pay_demo001192,order_ORD01183,C0240,899,captured,wallet,,2026-02-07T00:00:00
pay_demo001193,order_ORD01184,C0240,1998,captured,upi,,2026-05-23T23:00:00
pay_demo001194,order_ORD01185,C0240,2997,captured,upi,,2026-04-06T09:00:00
pay_demo001195,order_ORD01186,C0241,16395,captured,upi,,2026-06-26T17:00:00
pay_demo001196,order_ORD01187,C0241,8346,captured,upi,,2026-07-02T06:00:00
pay_demo001197,order_ORD01188,C0242,549,captured,netbanking,,2026-04-02T08:00:00
pay_demo001198,order_ORD01189,C0243,599,captured,card,,2026-06-13T22:00:00
pay_demo001199,order_ORD01190,C0243,2398,captured,wallet,,2026-03-16T10:00:00
pay_demo001200,order_ORD01191,C0243,2998,captured,upi,,2026-09-16T04:00:00
pay_demo001201,order_ORD01192,C0244,7997,captured,upi,,2026-08-12T08:00:00
pay_demo001202,order_ORD01193,C0244,4999,captured,upi,,2026-04-19T05:00:00
pay_demo001203,order_ORD01194,C0244,2598,captured,upi,,2026-09-13T02:00:00
pay_demo001204,order_ORD01195,C0244,3098,captured,upi,,2026-03-19T05:00:00
pay_demo001205,order_ORD01196,C0244,799,captured,card,,2026-03-04T20:00:00
pay_demo001206,order_ORD01197,C0245,5697,captured,upi,,2026-07-28T18:00:00
pay_demo001207,order_ORD01198,C0245,7198,captured,upi,,2026-06-26T02:00:00
pay_demo001208,order_ORD01199,C0245,5196,captured,upi,,2026-05-06T06:00:00
pay_demo001209,order_ORD01200,C0245,2198,captured,wallet,,2026-02-05T00:00:00
pay_demo001210,order_ORD01201,C0245,899,captured,wallet,,2026-05-31T11:00:00
pay_demo001211,order_ORD01202,C0245,1599,captured,upi,,2026-05-28T11:00:00
pay_demo001212,order_ORD01203,C0245,6196,captured,netbanking,,2026-07-23T16:00:00
pay_demo001213,order_ORD01204,C0246,5995,captured,netbanking,,2026-02-02T20:00:00
pay_demo001214,order_ORD01205,C0246,11595,captured,netbanking,,2026-02-08T23:00:00
pay_demo001215,order_ORD01206,C0246,5296,captured,upi,,2026-03-16T06:00:00
pay_demo001216,order_ORD01207,C0246,3999,captured,card,,2025-12-30T02:00:00
pay_demo001217,order_ORD01208,C0246,1899,captured,upi,,2026-05-18T23:00:00
pay_demo001218,order_ORD01209,C0247,549,captured,wallet,,2026-03-18T18:00:00
pay_demo001219,order_ORD01210,C0248,2499,captured,wallet,,2026-02-17T03:00:00
pay_demo001220,order_ORD01211,C0248,5796,captured,card,,2026-07-18T20:00:00
pay_demo001221,order_ORD01212,C0248,7998,captured,card,,2026-07-15T23:00:00
pay_demo001222,order_ORD01213,C0249,2297,captured,netbanking,,2026-05-10T06:00:00
pay_demo001223,order_ORD01214,C0249,649,captured,card,,2026-01-22T16:00:00
pay_demo001224,order_ORD01215,C0249,3197,captured,card,,2026-01-19T18:00:00
pay_demo001225,order_ORD01216,C0249,2397,captured,upi,,2026-08-24T17:00:00
pay_demo001226,order_ORD01217,C0249,1598,captured,netbanking,,2026-04-02T19:00:00
pay_demo001227,order_ORD01218,C0249,2299,captured,upi,,2026-07-02T17:00:00
pay_demo001228,order_ORD01219,C0250,2098,captured,wallet,,2026-03-15T11:00:00
pay_demo001229,order_ORD01220,C0250,4676,captured,upi,,2026-06-05T07:00:00
pay_demo001230,order_ORD01221,C0250,1699,captured,netbanking,,2026-02-22T05:00:00
pay_demo001231,order_ORD01222,C0251,399,captured,card,,2026-02-16T20:00:00
pay_demo001232,order_ORD01223,C0251,1299,captured,card,,2026-04-22T04:00:00
pay_demo001233,order_ORD01224,C0251,2197,captured,netbanking,,2026-08-07T10:00:00
pay_demo001234,order_ORD01225,C0252,1148,captured,wallet,,2026-08-23T17:00:00
pay_demo001235,order_ORD01226,C0252,598,captured,upi,,2026-09-05T16:00:00
pay_demo001236,order_ORD01227,C0252,1327,captured,upi,,2026-09-13T17:00:00
pay_demo001237,order_ORD01228,C0252,299,captured,upi,,2026-05-31T09:00:00
pay_demo001238,order_ORD01229,C0252,349,captured,card,,2026-02-24T08:00:00
pay_demo001239,order_ORD01230,C0253,1798,captured,upi,,2026-07-14T20:00:00
pay_demo001240,order_ORD01231,C0253,1198,captured,upi,,2026-06-01T19:00:00
pay_demo001241,order_ORD01232,C0253,2598,captured,upi,,2026-06-11T10:00:00
pay_demo001242,order_ORD01233,C0253,799,captured,card,,2026-01-23T12:00:00
pay_demo001243,order_ORD01234,C0253,6296,captured,card,,2026-08-31T03:00:00
pay_demo001244,order_ORD01235,C0253,1498,captured,upi,,2026-07-04T06:00:00
pay_demo001245,order_ORD01236,C0253,2646,captured,wallet,,2026-08-22T06:00:00
pay_demo001246,order_ORD01237,C0253,10747,captured,card,,2026-07-24T16:00:00
pay_demo001247,order_ORD01238,C0253,1748,captured,netbanking,,2025-12-05T02:00:00
pay_demo001248,order_ORD01239,C0253,1498,captured,wallet,,2026-07-06T08:00:00
pay_demo001249,order_ORD01240,C0254,998,captured,upi,,2026-02-24T16:00:00
pay_demo001250,order_ORD01241,C0254,5897,captured,card,,2026-01-14T09:00:00
pay_demo001251,order_ORD01242,C0254,4796,captured,netbanking,,2026-08-13T22:00:00
pay_demo001252,order_ORD01243,C0254,4998,captured,wallet,,2026-02-09T02:00:00
pay_demo001253,order_ORD01244,C0254,3999,captured,card,,2026-08-26T20:00:00
pay_demo001254,order_ORD01245,C0254,899,captured,netbanking,,2026-06-04T04:00:00
pay_demo001255,order_ORD01246,C0254,5697,captured,wallet,,2026-04-16T09:00:00
pay_demo001256,order_ORD01247,C0254,9397,captured,upi,,2025-12-21T08:00:00
pay_demo001257,order_ORD01248,C0254,1298,captured,netbanking,,2026-04-03T09:00:00
pay_demo001258,order_ORD01249,C0254,2499,captured,card,,2026-05-08T06:00:00
pay_demo001259,order_ORD01250,C0255,4098,captured,wallet,,2026-05-16T03:00:00
pay_demo001260,order_ORD01251,C0256,1997,captured,upi,,2026-05-13T21:00:00
pay_demo001261,order_ORD01252,C0257,299,captured,wallet,,2025-12-04T17:00:00
pay_demo001262,order_ORD01253,C0257,928,captured,upi,,2026-07-09T06:00:00
pay_demo001263,order_ORD01254,C0257,2799,captured,upi,,2026-07-18T07:00:00
pay_demo001264,order_ORD01255,C0257,449,captured,wallet,,2026-02-07T12:00:00
pay_demo001265,order_ORD01256,C0257,10846,captured,wallet,,2026-08-09T09:00:00
pay_demo001266,order_ORD01257,C0257,1726,captured,upi,,2026-09-10T00:00:00
pay_demo001267,order_ORD01258,C0257,1946,captured,wallet,,2026-08-18T00:00:00
pay_demo001268,order_ORD01259,C0258,1477,captured,upi,,2026-07-01T08:00:00
pay_demo001269,order_ORD01260,C0258,1648,captured,wallet,,2026-04-30T10:00:00
pay_demo001270,order_ORD01261,C0258,1199,captured,card,,2026-07-02T04:00:00
pay_demo001271,order_ORD01262,C0259,14195,captured,upi,,2026-06-12T20:00:00
pay_demo001272,order_ORD01263,C0259,2799,captured,upi,,2025-12-04T04:00:00
pay_demo001273,order_ORD01264,C0259,3997,captured,card,,2026-03-24T12:00:00
pay_demo001274,order_ORD01265,C0259,2548,captured,netbanking,,2026-08-20T07:00:00
pay_demo001275,order_ORD01266,C0259,2499,captured,upi,,2026-08-14T21:00:00
pay_demo001276,order_ORD01267,C0259,4147,captured,wallet,,2026-03-05T06:00:00
pay_demo001277,order_ORD01268,C0260,1948,captured,upi,,2026-09-15T06:00:00
pay_demo001278,order_ORD01269,C0260,1599,captured,card,,2025-11-16T23:00:00
pay_demo001279,order_ORD01270,C0260,2299,captured,upi,,2026-08-04T19:00:00
pay_demo001280,order_ORD01271,C0260,1299,captured,wallet,,2026-08-31T21:00:00
pay_demo001281,order_ORD01272,C0260,4598,captured,netbanking,,2026-07-01T03:00:00
pay_demo001282,order_ORD01273,C0260,899,captured,netbanking,,2026-06-06T06:00:00
pay_demo001283,order_ORD01274,C0260,5896,captured,card,,2025-10-31T19:00:00
pay_demo001284,order_ORD01275,C0260,1298,captured,upi,,2026-03-15T08:00:00
pay_demo001285,order_ORD01276,C0260,1748,captured,upi,,2026-05-04T23:00:00
pay_demo001286,order_ORD01277,C0260,3397,captured,netbanking,,2026-08-13T06:00:00
pay_demo001287,order_ORD01278,C0260,1599,captured,card,,2026-09-01T23:00:00
pay_demo001288,order_ORD01279,C0260,8196,captured,wallet,,2026-04-23T18:00:00
pay_demo001289,order_ORD01280,C0260,2848,captured,upi,,2025-11-30T19:00:00
pay_demo001290,order_ORD01281,C0260,549,captured,upi,,2026-02-26T07:00:00
pay_demo001291,order_ORD01282,C0260,1948,captured,upi,,2025-12-07T02:00:00
pay_demo001292,order_ORD01283,C0260,1448,captured,card,,2026-09-11T01:00:00
pay_demo001293,order_ORD01284,C0261,999,captured,upi,,2026-03-13T11:00:00
pay_demo001294,order_ORD01285,C0261,6195,captured,card,,2026-08-01T08:00:00
pay_demo001295,order_ORD01286,C0262,4997,captured,upi,,2025-11-05T16:00:00
pay_demo001296,order_ORD01287,C0262,1399,captured,upi,,2026-05-22T09:00:00
pay_demo001297,order_ORD01288,C0262,499,captured,upi,,2026-05-09T08:00:00
pay_demo001298,order_ORD01289,C0262,349,captured,card,,2026-01-29T11:00:00
pay_demo001299,order_ORD01290,C0262,749,captured,wallet,,2026-05-23T23:00:00
pay_fail001300,,C0262,2299,failed,upi,upi_pin_incorrect,2026-09-23T14:00:00
pay_demo001301,order_ORD01291,C0263,7797,captured,upi,,2025-12-01T17:00:00
pay_demo001302,order_ORD01292,C0263,3397,captured,netbanking,,2026-05-25T01:00:00
pay_demo001303,order_ORD01293,C0263,999,captured,wallet,,2026-09-12T10:00:00
pay_demo001304,order_ORD01294,C0263,1947,captured,upi,,2026-02-20T03:00:00
pay_demo001305,order_ORD01295,C0263,4999,captured,upi,,2026-06-02T06:00:00
pay_demo001306,order_ORD01296,C0264,449,captured,card,,2026-02-02T23:00:00
pay_demo001307,order_ORD01297,C0264,1299,captured,card,,2026-05-24T01:00:00
pay_demo001308,order_ORD01298,C0264,1299,captured,card,,2026-02-02T03:00:00
pay_demo001309,order_ORD01299,C0264,449,captured,card,,2026-08-18T03:00:00
pay_demo001310,order_ORD01300,C0264,2096,captured,card,,2026-02-02T08:00:00
pay_demo001311,order_ORD01301,C0265,1299,captured,upi,,2026-07-19T10:00:00
pay_demo001312,order_ORD01302,C0265,549,captured,wallet,,2026-09-06T00:00:00
pay_demo001313,order_ORD01303,C0265,848,captured,card,,2026-01-14T19:00:00
pay_demo001314,order_ORD01304,C0265,4645,captured,netbanking,,2026-01-11T04:00:00
pay_demo001315,order_ORD01305,C0265,748,captured,card,,2025-11-22T01:00:00
pay_demo001316,order_ORD01306,C0265,4297,captured,card,,2026-02-16T22:00:00
pay_demo001317,order_ORD01307,C0265,4598,captured,card,,2026-08-20T22:00:00
pay_demo001318,order_ORD01308,C0265,2197,captured,wallet,,2025-11-16T00:00:00
pay_demo001319,order_ORD01309,C0265,1899,captured,card,,2026-01-13T16:00:00
pay_demo001320,order_ORD01310,C0265,1998,captured,upi,,2026-08-18T21:00:00
pay_demo001321,order_ORD01311,C0265,549,captured,wallet,,2026-04-01T10:00:00
pay_demo001322,order_ORD01312,C0265,379,captured,wallet,,2025-11-12T08:00:00
pay_demo001323,order_ORD01313,C0266,649,captured,card,,2026-04-27T16:00:00
pay_demo001324,order_ORD01314,C0266,3196,captured,upi,,2026-04-23T08:00:00
pay_demo001325,order_ORD01315,C0266,2897,captured,upi,,2026-04-30T03:00:00
pay_demo001326,order_ORD01316,C0266,1299,captured,wallet,,2026-02-01T01:00:00
pay_demo001327,order_ORD01317,C0266,1798,captured,upi,,2026-08-06T20:00:00
pay_demo001328,order_ORD01318,C0267,1899,captured,upi,,2026-09-04T12:00:00
pay_demo001329,order_ORD01319,C0268,3098,captured,upi,,2026-09-04T00:00:00
pay_demo001330,order_ORD01320,C0268,2499,captured,netbanking,,2026-02-10T11:00:00
pay_demo001331,order_ORD01321,C0268,6996,captured,netbanking,,2026-04-20T03:00:00
pay_demo001332,order_ORD01322,C0268,5196,captured,upi,,2026-06-27T08:00:00
pay_demo001333,order_ORD01323,C0269,899,captured,netbanking,,2026-09-07T08:00:00
pay_demo001334,order_ORD01324,C0269,1399,captured,card,,2026-09-01T19:00:00
pay_demo001335,order_ORD01325,C0269,2995,captured,upi,,2026-05-14T11:00:00
pay_demo001336,order_ORD01326,C0269,2447,captured,card,,2026-08-24T22:00:00
pay_demo001337,order_ORD01327,C0269,1498,captured,wallet,,2026-05-30T22:00:00
pay_demo001338,order_ORD01328,C0269,999,captured,card,,2026-02-25T08:00:00
pay_demo001339,order_ORD01329,C0269,3347,captured,upi,,2026-01-19T01:00:00
pay_demo001340,order_ORD01330,C0269,1998,captured,card,,2026-03-30T04:00:00
pay_demo001341,order_ORD01331,C0270,3999,captured,card,,2026-07-20T16:00:00
pay_demo001342,order_ORD01332,C0271,1847,captured,upi,,2026-03-01T19:00:00
pay_demo001343,order_ORD01333,C0271,6347,captured,netbanking,,2026-06-21T12:00:00
pay_demo001344,order_ORD01334,C0271,349,captured,upi,,2026-05-16T10:00:00
pay_demo001345,order_ORD01335,C0272,2898,captured,upi,,2026-07-03T06:00:00
pay_demo001346,order_ORD01336,C0272,4897,captured,upi,,2026-04-20T08:00:00
pay_demo001347,order_ORD01337,C0272,2298,captured,wallet,,2026-05-27T11:00:00
pay_demo001348,order_ORD01338,C0272,3398,captured,netbanking,,2026-06-24T10:00:00
pay_demo001349,order_ORD01339,C0272,6996,captured,netbanking,,2026-04-02T05:00:00
pay_demo001350,order_ORD01340,C0273,4597,captured,upi,,2025-11-05T20:00:00
pay_demo001351,order_ORD01341,C0273,7998,captured,upi,,2026-03-10T01:00:00
pay_demo001352,order_ORD01342,C0273,5598,captured,wallet,,2026-08-24T10:00:00
pay_demo001353,order_ORD01343,C0273,6298,captured,upi,,2026-03-19T20:00:00
pay_demo001354,order_ORD01344,C0273,1499,captured,upi,,2026-01-29T06:00:00
pay_demo001355,order_ORD01345,C0273,7998,captured,upi,,2026-05-14T06:00:00
pay_demo001356,order_ORD01346,C0273,2398,captured,card,,2026-02-16T17:00:00
pay_demo001357,order_ORD01347,C0273,798,captured,card,,2026-01-23T12:00:00
pay_demo001358,order_ORD01348,C0273,1847,captured,upi,,2026-04-26T19:00:00
pay_demo001359,order_ORD01349,C0273,3398,captured,upi,,2026-06-09T22:00:00
pay_demo001360,order_ORD01350,C0273,5898,captured,card,,2026-06-21T10:00:00
pay_demo001361,order_ORD01351,C0273,1899,captured,netbanking,,2026-02-18T05:00:00
pay_demo001362,order_ORD01352,C0273,5598,captured,netbanking,,2026-07-04T00:00:00
pay_demo001363,order_ORD01353,C0273,5197,captured,upi,,2026-04-08T20:00:00
pay_demo001364,order_ORD01354,C0273,2998,captured,upi,,2026-05-12T09:00:00
pay_demo001365,order_ORD01355,C0273,4197,captured,card,,2026-09-11T12:00:00
pay_demo001366,order_ORD01356,C0273,4197,captured,card,,2026-04-20T05:00:00
pay_demo001367,order_ORD01357,C0273,2898,captured,card,,2026-05-01T12:00:00
pay_demo001368,order_ORD01358,C0274,948,captured,netbanking,,2026-03-09T10:00:00
pay_demo001369,order_ORD01359,C0274,2675,captured,netbanking,,2026-02-15T04:00:00
pay_demo001370,order_ORD01360,C0274,898,captured,wallet,,2025-12-20T04:00:00
pay_demo001371,order_ORD01361,C0274,3746,captured,card,,2026-08-27T10:00:00
pay_demo001372,order_ORD01362,C0274,1098,captured,netbanking,,2026-04-07T10:00:00
pay_demo001373,order_ORD01363,C0274,928,captured,netbanking,,2026-02-27T19:00:00
pay_demo001374,order_ORD01364,C0274,848,captured,upi,,2026-08-24T22:00:00
pay_demo001375,order_ORD01365,C0274,1499,captured,card,,2025-12-08T22:00:00
pay_demo001376,order_ORD01366,C0274,1199,captured,card,,2025-10-31T16:00:00
pay_demo001377,order_ORD01367,C0274,299,captured,upi,,2026-07-03T20:00:00
pay_demo001378,order_ORD01368,C0274,2947,captured,upi,,2026-01-18T12:00:00
pay_demo001379,order_ORD01369,C0274,2197,captured,card,,2026-06-13T01:00:00
pay_demo001380,order_ORD01370,C0274,379,captured,card,,2025-11-09T12:00:00
pay_demo001381,order_ORD01371,C0274,379,captured,card,,2026-04-23T16:00:00
pay_demo001382,order_ORD01372,C0274,1748,captured,upi,,2026-07-03T09:00:00
pay_demo001383,order_ORD01373,C0274,828,captured,upi,,2026-04-27T19:00:00
pay_demo001384,order_ORD01374,C0274,399,captured,upi,,2026-09-19T03:00:00
pay_demo001385,order_ORD01375,C0274,848,captured,netbanking,,2026-04-12T04:00:00
pay_demo001386,order_ORD01376,C0274,399,captured,card,,2026-03-25T08:00:00
pay_demo001387,order_ORD01377,C0274,549,captured,upi,,2026-06-25T05:00:00
pay_demo001388,order_ORD01378,C0274,399,captured,upi,,2026-01-25T06:00:00
pay_demo001389,order_ORD01379,C0275,4596,captured,card,,2026-03-27T22:00:00
pay_demo001390,order_ORD01380,C0275,1899,captured,wallet,,2026-04-06T08:00:00
pay_demo001391,order_ORD01381,C0275,3197,captured,netbanking,,2026-04-25T00:00:00
pay_demo001392,order_ORD01382,C0276,1299,captured,netbanking,,2026-05-05T11:00:00
pay_demo001393,order_ORD01383,C0277,2199,captured,netbanking,,2025-11-20T09:00:00
pay_demo001394,order_ORD01384,C0278,928,captured,card,,2026-03-04T16:00:00
pay_demo001395,order_ORD01385,C0279,799,captured,netbanking,,2026-04-18T07:00:00
pay_demo001396,order_ORD01386,C0280,1299,captured,card,,2026-09-15T16:00:00
pay_demo001397,order_ORD01387,C0280,3498,captured,card,,2025-12-09T01:00:00
pay_demo001398,order_ORD01388,C0280,299,captured,card,,2026-03-09T06:00:00
pay_demo001399,order_ORD01389,C0280,1327,captured,netbanking,,2026-06-09T09:00:00
pay_demo001400,order_ORD01390,C0280,598,captured,upi,,2026-07-04T11:00:00
pay_demo001401,order_ORD01391,C0280,898,captured,upi,,2026-01-21T07:00:00
pay_demo001402,order_ORD01392,C0280,549,captured,netbanking,,2025-11-16T01:00:00
pay_demo001403,order_ORD01393,C0280,1199,captured,upi,,2026-07-02T17:00:00
pay_demo001404,order_ORD01394,C0280,2098,captured,card,,2025-11-05T17:00:00
pay_demo001405,order_ORD01395,C0280,7998,captured,upi,,2026-07-07T10:00:00
pay_demo001406,order_ORD01396,C0280,598,captured,upi,,2025-11-08T19:00:00
pay_demo001407,order_ORD01397,C0280,848,captured,upi,,2025-11-10T23:00:00
pay_demo001408,order_ORD01398,C0280,2397,captured,upi,,2026-03-30T08:00:00
pay_demo001409,order_ORD01399,C0280,3999,captured,upi,,2026-02-10T16:00:00
pay_demo001410,order_ORD01400,C0280,4998,captured,card,,2026-04-04T21:00:00
pay_demo001411,order_ORD01401,C0281,1199,captured,wallet,,2026-02-27T20:00:00
pay_demo001412,order_ORD01402,C0281,2499,captured,card,,2026-04-14T00:00:00
pay_demo001413,order_ORD01403,C0281,1498,captured,upi,,2026-09-19T19:00:00
pay_demo001414,order_ORD01404,C0281,1347,captured,card,,2025-12-23T01:00:00
pay_demo001415,order_ORD01405,C0281,379,captured,upi,,2026-04-26T23:00:00
pay_demo001416,order_ORD01406,C0281,1057,captured,netbanking,,2026-09-13T19:00:00
pay_demo001417,order_ORD01407,C0282,3798,captured,card,,2026-05-31T02:00:00
pay_demo001418,order_ORD01408,C0283,1899,captured,netbanking,,2026-06-16T05:00:00
pay_demo001419,order_ORD01409,C0284,6397,captured,netbanking,,2026-01-15T19:00:00
pay_demo001420,order_ORD01410,C0284,3997,captured,wallet,,2026-07-13T23:00:00
pay_demo001421,order_ORD01411,C0284,3999,captured,wallet,,2026-03-16T17:00:00
pay_demo001422,order_ORD01412,C0284,1699,captured,card,,2026-04-21T11:00:00
pay_demo001423,order_ORD01413,C0284,449,captured,card,,2026-03-05T22:00:00
pay_demo001424,order_ORD01414,C0284,11096,captured,upi,,2026-09-07T18:00:00
pay_demo001425,order_ORD01415,C0285,449,captured,card,,2026-09-07T02:00:00
pay_demo001426,order_ORD01416,C0285,599,captured,card,,2026-08-29T04:00:00
pay_demo001427,order_ORD01417,C0286,2398,captured,card,,2026-09-14T07:00:00
pay_demo001428,order_ORD01418,C0286,2198,captured,wallet,,2026-08-31T05:00:00
pay_demo001429,order_ORD01419,C0287,1899,captured,netbanking,,2026-05-26T23:00:00
pay_demo001430,order_ORD01420,C0287,7297,captured,card,,2026-07-20T07:00:00
pay_demo001431,order_ORD01421,C0287,3398,captured,upi,,2026-06-04T03:00:00
pay_demo001432,order_ORD01422,C0287,6397,captured,card,,2026-08-16T19:00:00
pay_demo001433,order_ORD01423,C0287,2799,captured,card,,2026-05-01T21:00:00
pay_demo001434,order_ORD01424,C0288,2199,captured,netbanking,,2026-09-26T02:00:00
pay_demo001435,order_ORD01425,C0288,3548,captured,card,,2026-09-07T19:00:00
pay_demo001436,order_ORD01426,C0289,3797,captured,upi,,2026-08-24T18:00:00
pay_demo001437,order_ORD01427,C0289,2697,captured,upi,,2026-09-13T12:00:00
pay_demo001438,order_ORD01428,C0290,1299,captured,wallet,,2026-09-16T17:00:00
pay_demo001439,order_ORD01429,C0291,4556,captured,upi,,2026-06-14T00:00:00
pay_demo001440,order_ORD01430,C0291,1199,captured,upi,,2025-12-12T16:00:00
pay_demo001441,order_ORD01431,C0291,2947,captured,card,,2025-12-20T23:00:00
pay_demo001442,order_ORD01432,C0291,899,captured,upi,,2026-04-05T11:00:00
pay_demo001443,order_ORD01433,C0291,1199,captured,card,,2026-06-23T23:00:00
pay_demo001444,order_ORD01434,C0291,698,captured,upi,,2025-12-18T12:00:00
pay_demo001445,order_ORD01435,C0291,449,captured,card,,2026-06-05T19:00:00
pay_demo001446,order_ORD01436,C0291,1198,captured,wallet,,2026-05-13T05:00:00
pay_demo001447,order_ORD01437,C0292,4548,captured,upi,,2026-06-20T00:00:00
pay_demo001448,order_ORD01438,C0293,7746,captured,upi,,2026-01-29T18:00:00
pay_demo001449,order_ORD01439,C0293,799,captured,upi,,2026-05-31T22:00:00
pay_demo001450,order_ORD01440,C0293,2499,captured,card,,2026-02-18T09:00:00
pay_demo001451,order_ORD01441,C0293,1498,captured,card,,2025-11-30T12:00:00
pay_demo001452,order_ORD01442,C0293,3198,captured,upi,,2025-11-29T09:00:00
pay_demo001453,order_ORD01443,C0294,349,captured,upi,,2026-04-22T01:00:00
pay_demo001454,order_ORD01444,C0294,299,captured,wallet,,2026-06-15T11:00:00
pay_demo001455,order_ORD01445,C0294,649,captured,upi,,2026-04-30T09:00:00
pay_demo001456,order_ORD01446,C0294,349,captured,card,,2026-05-05T09:00:00
pay_demo001457,order_ORD01447,C0294,1299,captured,upi,,2026-07-07T02:00:00
pay_demo001458,order_ORD01448,C0294,649,captured,netbanking,,2026-05-10T10:00:00
pay_demo001459,order_ORD01449,C0294,1798,captured,upi,,2026-05-02T10:00:00
pay_demo001460,order_ORD01450,C0295,649,captured,card,,2026-08-27T06:00:00
pay_demo001461,order_ORD01451,C0295,598,captured,upi,,2026-08-29T23:00:00
pay_demo001462,order_ORD01452,C0296,1348,captured,upi,,2026-06-28T01:00:00
pay_demo001463,order_ORD01453,C0297,1399,captured,upi,,2026-04-15T18:00:00
pay_demo001464,order_ORD01454,C0297,5897,captured,upi,,2026-04-08T18:00:00
pay_demo001465,order_ORD01455,C0297,3397,captured,card,,2026-07-05T22:00:00
pay_demo001466,order_ORD01456,C0297,2299,captured,netbanking,,2026-06-15T08:00:00
pay_demo001467,order_ORD01457,C0297,749,captured,card,,2025-12-08T10:00:00
pay_demo001468,order_ORD01458,C0297,1899,captured,wallet,,2025-11-28T08:00:00
pay_demo001469,order_ORD01459,C0298,1296,captured,upi,,2026-01-25T09:00:00
pay_fail001470,,C0298,2097,failed,netbanking,payment_timeout,2026-09-16T01:00:00
pay_demo001471,order_ORD01460,C0299,1699,captured,card,,2026-09-10T01:00:00
pay_demo001472,order_ORD01461,C0300,1399,captured,upi,,2026-02-28T03:00:00
pay_demo001473,order_ORD01462,C0300,1047,captured,upi,,2026-08-24T08:00:00
pay_demo001474,order_ORD01463,C0300,1397,captured,upi,,2026-07-14T09:00:00
pay_demo001475,order_ORD01464,C0300,2397,captured,upi,,2026-05-01T17:00:00
pay_demo001476,order_ORD01465,C0301,998,captured,netbanking,,2026-06-12T00:00:00
pay_demo001477,order_ORD01466,C0301,1299,captured,upi,,2026-06-18T10:00:00
pay_demo001478,order_ORD01467,C0301,2197,captured,upi,,2026-04-13T07:00:00
pay_demo001479,order_ORD01468,C0301,698,captured,upi,,2026-02-24T16:00:00
pay_demo001480,order_ORD01469,C0301,2247,captured,upi,,2026-07-11T03:00:00
pay_demo001481,order_ORD01470,C0301,899,captured,upi,,2026-02-15T21:00:00
pay_demo001482,order_ORD01471,C0301,599,captured,upi,,2026-06-02T23:00:00
pay_demo001483,order_ORD01472,C0301,5396,captured,netbanking,,2025-11-15T06:00:00
pay_demo001484,order_ORD01473,C0301,3996,captured,wallet,,2026-06-26T11:00:00
pay_demo001485,order_ORD01474,C0301,1756,captured,netbanking,,2026-06-03T09:00:00
pay_demo001486,order_ORD01475,C0301,649,captured,wallet,,2025-11-13T12:00:00
pay_demo001487,order_ORD01476,C0301,1647,captured,netbanking,,2026-04-26T05:00:00
pay_demo001488,order_ORD01477,C0301,449,captured,card,,2026-04-09T10:00:00
pay_demo001489,order_ORD01478,C0301,1897,captured,wallet,,2025-11-23T16:00:00
pay_demo001490,order_ORD01479,C0301,2648,captured,netbanking,,2026-01-16T00:00:00
pay_demo001491,order_ORD01480,C0301,698,captured,netbanking,,2026-03-23T17:00:00
pay_demo001492,order_ORD01481,C0301,1296,captured,card,,2026-05-27T09:00:00
pay_demo001493,order_ORD01482,C0302,379,captured,card,,2026-05-21T19:00:00
pay_demo001494,order_ORD01483,C0303,2148,captured,upi,,2026-03-13T06:00:00
pay_demo001495,order_ORD01484,C0304,4447,captured,card,,2025-11-24T03:00:00
pay_demo001496,order_ORD01485,C0304,2799,captured,card,,2025-12-04T06:00:00
pay_demo001497,order_ORD01486,C0304,1699,captured,upi,,2026-07-01T23:00:00
pay_demo001498,order_ORD01487,C0304,3298,captured,card,,2026-05-02T06:00:00
pay_demo001499,order_ORD01488,C0304,649,captured,card,,2026-03-17T19:00:00
pay_demo001500,order_ORD01489,C0304,1498,captured,netbanking,,2026-06-15T23:00:00
pay_demo001501,order_ORD01490,C0304,1299,captured,upi,,2025-11-12T12:00:00
pay_demo001502,order_ORD01491,C0305,3098,captured,card,,2026-08-05T08:00:00
pay_demo001503,order_ORD01492,C0305,7497,captured,netbanking,,2025-11-05T23:00:00
pay_demo001504,order_ORD01493,C0305,3896,captured,card,,2026-08-18T07:00:00
pay_demo001505,order_ORD01494,C0305,4999,captured,card,,2026-06-19T23:00:00
pay_demo001506,order_ORD01495,C0305,5898,captured,upi,,2026-03-14T00:00:00
pay_demo001507,order_ORD01496,C0305,899,captured,card,,2026-03-03T09:00:00
pay_demo001508,order_ORD01497,C0305,2199,captured,card,,2026-06-20T18:00:00
pay_demo001509,order_ORD01498,C0305,1599,captured,upi,,2025-12-16T09:00:00
pay_demo001510,order_ORD01499,C0305,1299,captured,upi,,2026-01-29T01:00:00
pay_demo001511,order_ORD01500,C0305,2697,captured,upi,,2025-12-11T05:00:00
pay_demo001512,order_ORD01501,C0305,6446,captured,upi,,2026-07-28T19:00:00
pay_demo001513,order_ORD01502,C0305,5997,captured,card,,2026-05-07T02:00:00
pay_demo001514,order_ORD01503,C0305,1599,captured,card,,2026-08-12T05:00:00
pay_demo001515,order_ORD01504,C0305,4999,captured,upi,,2025-12-28T23:00:00
pay_demo001516,order_ORD01505,C0305,5897,captured,upi,,2026-06-01T22:00:00
pay_demo001517,order_ORD01506,C0305,3697,captured,netbanking,,2026-06-23T07:00:00
pay_demo001518,order_ORD01507,C0306,4999,captured,upi,,2026-02-07T06:00:00
pay_demo001519,order_ORD01508,C0306,4999,captured,wallet,,2026-09-02T23:00:00
pay_demo001520,order_ORD01509,C0306,4998,captured,card,,2026-07-09T12:00:00
pay_demo001521,order_ORD01510,C0306,7597,captured,card,,2026-08-21T00:00:00
pay_demo001522,order_ORD01511,C0306,5897,captured,card,,2025-11-30T03:00:00
pay_demo001523,order_ORD01512,C0306,7998,captured,wallet,,2026-08-01T04:00:00
pay_demo001524,order_ORD01513,C0307,1347,captured,upi,,2026-03-13T21:00:00
pay_demo001525,order_ORD01514,C0307,1299,captured,card,,2026-08-18T11:00:00
pay_demo001526,order_ORD01515,C0307,2598,captured,upi,,2026-02-17T11:00:00
pay_demo001527,order_ORD01516,C0307,549,captured,upi,,2026-07-22T04:00:00
pay_demo001528,order_ORD01517,C0307,5898,captured,upi,,2026-07-28T07:00:00
pay_demo001529,order_ORD01518,C0307,5898,captured,netbanking,,2026-06-21T16:00:00
pay_demo001530,order_ORD01519,C0307,5397,captured,upi,,2026-03-15T01:00:00
pay_demo001531,order_ORD01520,C0307,9397,captured,card,,2026-04-27T05:00:00
pay_fail001532,,C0307,698,failed,upi,payment_timeout,2026-09-18T05:00:00
pay_demo001533,order_ORD01521,C0308,4347,captured,netbanking,,2026-09-12T09:00:00
pay_demo001534,order_ORD01522,C0308,3498,captured,upi,,2026-09-07T09:00:00
pay_demo001535,order_ORD01523,C0309,899,captured,wallet,,2026-09-25T17:00:00
pay_demo001536,order_ORD01524,C0310,4098,captured,netbanking,,2025-12-14T16:00:00
pay_demo001537,order_ORD01525,C0311,2598,captured,upi,,2025-10-22T02:00:00
pay_demo001538,order_ORD01526,C0312,2798,captured,card,,2026-02-16T05:00:00
pay_demo001539,order_ORD01527,C0313,2398,captured,wallet,,2026-02-05T11:00:00
pay_demo001540,order_ORD01528,C0313,2299,captured,upi,,2026-02-07T08:00:00
pay_demo001541,order_ORD01529,C0313,2497,captured,netbanking,,2026-03-08T07:00:00
pay_demo001542,order_ORD01530,C0313,749,captured,wallet,,2026-05-28T20:00:00
pay_demo001543,order_ORD01531,C0314,549,captured,wallet,,2025-11-07T06:00:00
pay_demo001544,order_ORD01532,C0315,2146,captured,card,,2026-04-27T06:00:00
pay_demo001545,order_ORD01533,C0315,1797,captured,card,,2026-09-05T18:00:00
pay_demo001546,order_ORD01534,C0315,349,captured,netbanking,,2026-09-12T01:00:00
pay_demo001547,order_ORD01535,C0315,1899,captured,netbanking,,2026-08-01T08:00:00
pay_demo001548,order_ORD01536,C0316,2198,captured,card,,2026-08-26T04:00:00
pay_demo001549,order_ORD01537,C0316,2297,captured,upi,,2026-09-20T03:00:00
pay_demo001550,order_ORD01538,C0317,1198,captured,card,,2026-06-03T23:00:00
pay_demo001551,order_ORD01539,C0317,2796,captured,wallet,,2026-01-02T19:00:00
pay_demo001552,order_ORD01540,C0317,2299,captured,upi,,2026-09-20T11:00:00
pay_demo001553,order_ORD01541,C0317,799,captured,card,,2026-09-18T00:00:00
pay_demo001554,order_ORD01542,C0317,1148,captured,upi,,2026-09-24T16:00:00
pay_demo001555,order_ORD01543,C0317,649,captured,upi,,2025-12-29T16:00:00
pay_demo001556,order_ORD01544,C0317,1147,captured,upi,,2026-08-29T22:00:00
pay_demo001557,order_ORD01545,C0317,1198,captured,card,,2026-08-13T12:00:00
pay_demo001558,order_ORD01546,C0317,2598,captured,card,,2026-04-10T08:00:00
pay_demo001559,order_ORD01547,C0317,2097,captured,card,,2026-09-10T19:00:00
pay_demo001560,order_ORD01548,C0317,649,captured,netbanking,,2026-09-15T03:00:00
pay_demo001561,order_ORD01549,C0317,9998,captured,netbanking,,2026-05-24T03:00:00
pay_demo001562,order_ORD01550,C0317,2947,captured,card,,2026-03-25T11:00:00
pay_demo001563,order_ORD01551,C0317,649,captured,card,,2026-08-07T05:00:00
pay_demo001564,order_ORD01552,C0318,2197,captured,netbanking,,2026-03-05T23:00:00
pay_demo001565,order_ORD01553,C0318,5198,captured,card,,2026-03-23T06:00:00
pay_demo001566,order_ORD01554,C0318,599,captured,upi,,2026-07-10T12:00:00
pay_demo001567,order_ORD01555,C0318,5397,captured,upi,,2026-09-10T18:00:00
pay_demo001568,order_ORD01556,C0318,7998,captured,wallet,,2026-07-04T05:00:00
pay_demo001569,order_ORD01557,C0319,2578,captured,upi,,2025-11-19T01:00:00
pay_demo001570,order_ORD01558,C0320,848,captured,card,,2025-10-30T23:00:00
pay_demo001571,order_ORD01559,C0320,449,captured,upi,,2026-02-26T21:00:00
pay_demo001572,order_ORD01560,C0320,899,captured,wallet,,2026-06-05T06:00:00
pay_demo001573,order_ORD01561,C0320,1247,captured,card,,2025-12-30T07:00:00
pay_demo001574,order_ORD01562,C0320,549,captured,wallet,,2026-07-11T08:00:00
pay_demo001575,order_ORD01563,C0320,899,captured,upi,,2026-06-25T19:00:00
pay_demo001576,order_ORD01564,C0320,2047,captured,card,,2026-01-06T07:00:00
