transaction_id,order_id,product_id,customer_id,quantity,amount,transaction_date,payment_id
1,ORD00001,P029,C0001,1,549,2025-12-28T22:00:00,pay_demo000001
2,ORD00002,P026,C0001,1,449,2026-07-14T01:00:00,pay_demo000002
3,ORD00003,P027,C0001,1,399,2026-07-15T12:00:00,pay_demo000003
4,ORD00003,P026,C0001,2,898,2026-07-15T12:00:00,pay_demo000003
5,ORD00004,P027,C0001,1,399,2026-06-28T09:00:00,pay_demo000004
6,ORD00005,P027,C0001,2,798,2026-07-28T09:00:00,pay_demo000005
7,ORD00006,P028,C0001,2,598,2026-06-13T00:00:00,pay_demo000006
8,ORD00006,P030,C0001,2,2398,2026-06-13T00:00:00,pay_demo000006
9,ORD00007,P030,C0001,1,1199,2026-08-24T06:00:00,pay_demo000007
10,ORD00007,P029,C0001,1,549,2026-08-24T06:00:00,pay_demo000007
11,ORD00008,P030,C0001,2,2398,2026-03-19T19:00:00,pay_demo000008
12,ORD00008,P011,C0001,1,349,2026-03-19T19:00:00,pay_demo000008
13,ORD00008,P031,C0001,1,379,2026-03-19T19:00:00,pay_demo000008
14,ORD00009,P026,C0002,1,449,2026-05-21T21:00:00,pay_demo000009
15,ORD00009,P027,C0002,1,399,2026-05-21T21:00:00,pay_demo000009
16,ORD00010,P030,C0002,1,1199,2026-01-05T16:00:00,pay_demo000010
17,ORD00010,P026,C0002,1,449,2026-01-05T16:00:00,pay_demo000010
18,ORD00010,P029,C0002,1,549,2026-01-05T16:00:00,pay_demo000010
19,ORD00011,P030,C0002,2,2398,2026-01-02T07:00:00,pay_demo000011
20,ORD00012,P009,C0003,1,499,2026-06-14T22:00:00,pay_demo000012
21,ORD00012,P009,C0003,1,499,2026-06-14T22:00:00,pay_demo000012
22,ORD00012,P012,C0003,1,649,2026-06-14T22:00:00,pay_demo000012
23,ORD00013,P001,C0003,1,1499,2026-07-08T16:00:00,pay_demo000013
24,ORD00013,P010,C0003,2,2598,2026-07-08T16:00:00,pay_demo000013
25,ORD00013,P023,C0003,2,1098,2026-07-08T16:00:00,pay_demo000013
26,ORD00014,P012,C0003,1,649,2026-02-23T18:00:00,pay_demo000014
27,ORD00015,P009,C0003,1,499,2026-01-01T07:00:00,pay_demo000015
28,ORD00016,P031,C0003,1,379,2026-04-20T01:00:00,pay_demo000016
29,ORD00016,P018,C0003,1,899,2026-04-20T01:00:00,pay_demo000016
30,ORD00016,P023,C0003,1,549,2026-04-20T01:00:00,pay_demo000016
31,ORD00017,P006,C0003,1,3999,2025-12-17T12:00:00,pay_demo000017
32,ORD00018,P006,C0003,1,3999,2026-05-31T17:00:00,pay_demo000018
33,ORD00018,P022,C0003,2,1498,2026-05-31T17:00:00,pay_demo000018
34,ORD00019,P013,C0003,1,299,2026-08-21T07:00:00,pay_demo000019
35,ORD00019,P010,C0003,1,1299,2026-08-21T07:00:00,pay_demo000019
36,ORD00020,P001,C0004,2,2998,2026-05-28T06:00:00,pay_demo000020
37,ORD00020,P001,C0004,2,2998,2026-05-28T06:00:00,pay_demo000020
38,ORD00020,P003,C0004,1,2799,2026-05-28T06:00:00,pay_demo000020
39,ORD00021,P007,C0004,1,1899,2026-04-07T20:00:00,pay_demo000021
40,ORD00021,P017,C0004,1,2199,2026-04-07T20:00:00,pay_demo000021
41,ORD00022,P001,C0004,1,1499,2026-01-11T10:00:00,pay_demo000022
42,ORD00023,P001,C0004,1,1499,2026-06-01T00:00:00,pay_demo000023
43,ORD00023,P020,C0004,1,999,2026-06-01T00:00:00,pay_demo000023
44,ORD00023,P005,C0004,2,3398,2026-06-01T00:00:00,pay_demo000023
45,ORD00024,P008,C0004,2,1598,2026-09-26T09:00:00,pay_demo000024
46,ORD00024,P006,C0004,1,3999,2026-09-26T09:00:00,pay_demo000024
47,ORD00025,P007,C0004,1,1899,2025-12-15T05:00:00,pay_demo000025
48,ORD00026,P006,C0004,1,3999,2026-09-13T20:00:00,pay_demo000026
49,ORD00027,P029,C0005,2,1098,2026-02-16T23:00:00,pay_demo000027
50,ORD00027,P003,C0005,1,2799,2026-02-16T23:00:00,pay_demo000027
51,ORD00028,P027,C0005,1,399,2026-03-10T21:00:00,pay_demo000028
52,ORD00028,P031,C0005,1,379,2026-03-10T21:00:00,pay_demo000028
53,ORD00028,P026,C0005,1,449,2026-03-10T21:00:00,pay_demo000028
54,ORD00029,P031,C0005,1,379,2026-03-20T17:00:00,pay_demo000029
55,ORD00029,P007,C0005,2,3798,2026-03-20T17:00:00,pay_demo000029
56,ORD00030,P027,C0005,1,399,2026-03-01T11:00:00,pay_demo000030
57,ORD00031,P031,C0005,1,379,2026-07-15T08:00:00,pay_demo000031
58,ORD00031,P028,C0005,1,299,2026-07-15T08:00:00,pay_demo000031
59,ORD00032,P004,C0006,2,2398,2026-07-15T12:00:00,pay_demo000032
60,ORD00032,P003,C0006,2,5598,2026-07-15T12:00:00,pay_demo000032
61,ORD00033,P003,C0006,1,2799,2026-09-04T19:00:00,pay_demo000033
62,ORD00033,P007,C0006,2,3798,2026-09-04T19:00:00,pay_demo000033
63,ORD00034,P027,C0006,1,399,2026-08-11T23:00:00,pay_demo000034
64,ORD00034,P014,C0006,1,2499,2026-08-11T23:00:00,pay_demo000034
65,ORD00035,P014,C0006,1,2499,2026-06-17T07:00:00,pay_demo000035
66,ORD00035,P005,C0006,1,1699,2026-06-17T07:00:00,pay_demo000035
67,ORD00036,P028,C0007,2,598,2026-09-09T17:00:00,pay_demo000036
68,ORD00036,P030,C0007,2,2398,2026-09-09T17:00:00,pay_demo000036
69,ORD00036,P028,C0007,1,299,2026-09-09T17:00:00,pay_demo000036
70,ORD00037,P030,C0007,1,1199,2026-09-22T04:00:00,pay_demo000037
71,ORD00038,P020,C0008,1,999,2025-12-01T18:00:00,pay_demo000039
72,ORD00038,P016,C0008,1,1599,2025-12-01T18:00:00,pay_demo000039
73,ORD00039,P022,C0008,2,1498,2026-01-06T18:00:00,pay_demo000040
74,ORD00040,P020,C0008,1,999,2026-06-23T01:00:00,pay_demo000041
75,ORD00040,P022,C0008,2,1498,2026-06-23T01:00:00,pay_demo000041
76,ORD00041,P008,C0009,1,799,2026-06-10T23:00:00,pay_demo000042
77,ORD00042,P007,C0010,1,1899,2026-08-18T09:00:00,pay_demo000043
78,ORD00042,P005,C0010,1,1699,2026-08-18T09:00:00,pay_demo000043
79,ORD00043,P007,C0010,2,3798,2025-11-18T17:00:00,pay_demo000044
80,ORD00044,P006,C0010,2,7998,2026-08-30T21:00:00,pay_demo000045
81,ORD00045,P005,C0010,1,1699,2026-05-19T12:00:00,pay_demo000046
82,ORD00046,P023,C0010,1,549,2026-04-07T21:00:00,pay_demo000047
83,ORD00046,P004,C0010,1,1199,2026-04-07T21:00:00,pay_demo000047
84,ORD00047,P001,C0010,1,1499,2025-12-06T18:00:00,pay_demo000048
85,ORD00048,P005,C0010,2,3398,2026-03-21T01:00:00,pay_demo000049
86,ORD00049,P001,C0010,2,2998,2025-11-11T19:00:00,pay_demo000050
87,ORD00049,P007,C0010,1,1899,2025-11-11T19:00:00,pay_demo000050
88,ORD00049,P016,C0010,1,1599,2025-11-11T19:00:00,pay_demo000050
89,ORD00050,P006,C0010,1,3999,2026-01-22T05:00:00,pay_demo000051
90,ORD00050,P007,C0010,1,1899,2026-01-22T05:00:00,pay_demo000051
91,ORD00051,P005,C0010,1,1699,2026-07-09T17:00:00,pay_demo000052
92,ORD00051,P003,C0010,1,2799,2026-07-09T17:00:00,pay_demo000052
93,ORD00052,P012,C0010,2,1298,2025-11-28T18:00:00,pay_demo000053
94,ORD00053,P012,C0010,1,649,2026-06-26T09:00:00,pay_demo000054
95,ORD00053,P002,C0010,1,599,2026-06-26T09:00:00,pay_demo000054
96,ORD00053,P007,C0010,1,1899,2026-06-26T09:00:00,pay_demo000054
97,ORD00054,P026,C0010,1,449,2025-12-07T09:00:00,pay_demo000055
98,ORD00054,P001,C0010,1,1499,2025-12-07T09:00:00,pay_demo000055
99,ORD00055,P001,C0010,1,1499,2026-05-31T08:00:00,pay_demo000056
100,ORD00056,P007,C0010,2,3798,2026-04-20T10:00:00,pay_demo000057
101,ORD00056,P007,C0010,1,1899,2026-04-20T10:00:00,pay_demo000057
102,ORD00056,P003,C0010,1,2799,2026-04-20T10:00:00,pay_demo000057
103,ORD00057,P005,C0010,2,3398,2026-03-16T22:00:00,pay_demo000058
104,ORD00058,P007,C0010,2,3798,2026-01-16T06:00:00,pay_demo000059
105,ORD00059,P005,C0010,1,1699,2025-12-12T07:00:00,pay_demo000060
106,ORD00060,P006,C0010,1,3999,2026-01-27T00:00:00,pay_demo000061
107,ORD00061,P001,C0010,1,1499,2026-08-03T08:00:00,pay_demo000062
108,ORD00062,P025,C0011,2,1798,2026-06-28T09:00:00,pay_demo000063
109,ORD00062,P018,C0011,2,1798,2026-06-28T09:00:00,pay_demo000063
110,ORD00063,P016,C0011,1,1599,2026-04-16T22:00:00,pay_demo000064
111,ORD00064,P006,C0011,1,3999,2026-06-27T05:00:00,pay_demo000065
112,ORD00065,P005,C0012,2,3398,2026-09-24T09:00:00,pay_demo000066
113,ORD00066,P028,C0012,1,299,2026-09-08T07:00:00,pay_demo000067
114,ORD00066,P001,C0012,1,1499,2026-09-08T07:00:00,pay_demo000067
115,ORD00067,P015,C0013,1,4999,2026-05-06T19:00:00,pay_demo000068
116,ORD00068,P014,C0013,1,2499,2026-04-08T23:00:00,pay_demo000069
117,ORD00069,P029,C0014,2,1098,2026-02-09T20:00:00,pay_demo000070
118,ORD00069,P029,C0014,1,549,2026-02-09T20:00:00,pay_demo000070
119,ORD00070,P026,C0014,1,449,2026-02-17T18:00:00,pay_demo000071
120,ORD00071,P003,C0014,1,2799,2026-03-04T03:00:00,pay_demo000072
121,ORD00071,P029,C0014,1,549,2026-03-04T03:00:00,pay_demo000072
122,ORD00072,P015,C0014,2,9998,2026-02-25T17:00:00,pay_demo000073
123,ORD00072,P027,C0014,1,399,2026-02-25T17:00:00,pay_demo000073
124,ORD00073,P011,C0015,1,349,2026-06-11T01:00:00,pay_demo000074
125,ORD00074,P011,C0015,1,349,2026-03-03T10:00:00,pay_demo000075
126,ORD00074,P010,C0015,1,1299,2026-03-03T10:00:00,pay_demo000075
127,ORD00075,P010,C0015,1,1299,2026-03-31T09:00:00,pay_demo000076
128,ORD00076,P008,C0015,1,799,2026-03-03T21:00:00,pay_demo000077
129,ORD00076,P015,C0015,1,4999,2026-03-03T21:00:00,pay_demo000077
130,ORD00077,P022,C0015,1,749,2026-06-17T23:00:00,pay_demo000078
131,ORD00078,P027,C0015,1,399,2026-05-08T18:00:00,pay_demo000079
132,ORD00078,P023,C0015,1,549,2026-05-08T18:00:00,pay_demo000079
133,ORD00079,P024,C0015,1,2299,2026-07-10T03:00:00,pay_demo000080
134,ORD00079,P008,C0015,1,799,2026-07-10T03:00:00,pay_demo000080
135,ORD00080,P007,C0016,1,1899,2026-08-15T17:00:00,pay_demo000081
136,ORD00081,P004,C0016,1,1199,2026-02-10T09:00:00,pay_demo000082
137,ORD00082,P001,C0016,2,2998,2026-06-05T07:00:00,pay_demo000083
138,ORD00083,P012,C0017,1,649,2026-04-24T11:00:00,pay_demo000084
139,ORD00083,P010,C0017,1,1299,2026-04-24T11:00:00,pay_demo000084
140,ORD00084,P001,C0017,2,2998,2026-05-21T22:00:00,pay_demo000085
141,ORD00085,P030,C0017,1,1199,2026-04-24T22:00:00,pay_demo000086
142,ORD00086,P010,C0017,1,1299,2026-06-03T01:00:00,pay_demo000087
143,ORD00087,P003,C0017,1,2799,2026-07-25T23:00:00,pay_demo000088
144,ORD00088,P008,C0017,1,799,2026-05-19T07:00:00,pay_demo000089
145,ORD00089,P013,C0017,2,598,2026-09-20T10:00:00,pay_demo000090
146,ORD00090,P017,C0018,1,2199,2026-09-12T19:00:00,pay_demo000091
147,ORD00090,P021,C0018,2,2798,2026-09-12T19:00:00,pay_demo000091
148,ORD00091,P025,C0018,1,899,2026-03-27T23:00:00,pay_demo000092
149,ORD00092,P025,C0018,1,899,2026-06-18T12:00:00,pay_demo000093
150,ORD00093,P025,C0018,1,899,2026-07-21T05:00:00,pay_demo000094
151,ORD00094,P024,C0018,1,2299,2026-09-06T22:00:00,pay_demo000095
152,ORD00095,P025,C0018,1,899,2025-12-06T05:00:00,pay_demo000096
153,ORD00095,P021,C0018,1,1399,2025-12-06T05:00:00,pay_demo000096
154,ORD00096,P024,C0018,2,4598,2026-05-17T00:00:00,pay_demo000097
155,ORD00096,P024,C0018,1,2299,2026-05-17T00:00:00,pay_demo000097
156,ORD00096,P016,C0018,1,1599,2026-05-17T00:00:00,pay_demo000097
157,ORD00097,P025,C0018,2,1798,2026-07-16T22:00:00,pay_demo000098
158,ORD00097,P025,C0018,1,899,2026-07-16T22:00:00,pay_demo000098
159,ORD00097,P016,C0018,1,1599,2026-07-16T22:00:00,pay_demo000098
160,ORD00098,P020,C0018,1,999,2026-06-24T01:00:00,pay_demo000099
161,ORD00098,P021,C0018,2,2798,2026-06-24T01:00:00,pay_demo000099
162,ORD00098,P021,C0018,1,1399,2026-06-24T01:00:00,pay_demo000099
163,ORD00099,P017,C0019,1,2199,2026-08-21T18:00:00,pay_demo000100
164,ORD00099,P030,C0019,1,1199,2026-08-21T18:00:00,pay_demo000100
165,ORD00100,P017,C0019,1,2199,2026-09-23T07:00:00,pay_demo000101
166,ORD00100,P028,C0019,1,299,2026-09-23T07:00:00,pay_demo000101
167,ORD00101,P005,C0020,1,1699,2026-03-31T11:00:00,pay_demo000103
168,ORD00101,P001,C0020,1,1499,2026-03-31T11:00:00,pay_demo000103
169,ORD00101,P006,C0020,1,3999,2026-03-31T11:00:00,pay_demo000103
170,ORD00102,P004,C0020,1,1199,2026-02-15T08:00:00,pay_demo000104
171,ORD00102,P001,C0020,2,2998,2026-02-15T08:00:00,pay_demo000104
172,ORD00103,P003,C0020,1,2799,2026-05-03T20:00:00,pay_demo000105
173,ORD00104,P019,C0020,1,1299,2026-01-21T00:00:00,pay_demo000106
174,ORD00104,P011,C0020,1,349,2026-01-21T00:00:00,pay_demo000106
175,ORD00104,P007,C0020,1,1899,2026-01-21T00:00:00,pay_demo000106
176,ORD00105,P007,C0020,1,1899,2026-06-08T02:00:00,pay_demo000107
177,ORD00106,P028,C0020,1,299,2026-04-04T07:00:00,pay_demo000108
178,ORD00107,P016,C0021,1,1599,2026-09-16T16:00:00,pay_demo000109
179,ORD00108,P016,C0021,1,1599,2026-01-26T17:00:00,pay_demo000110
180,ORD00109,P024,C0021,1,2299,2026-01-23T21:00:00,pay_demo000111
181,ORD00110,P014,C0021,1,2499,2026-04-19T02:00:00,pay_demo000112
182,ORD00110,P017,C0021,2,4398,2026-04-19T02:00:00,pay_demo000112
183,ORD00110,P006,C0021,1,3999,2026-04-19T02:00:00,pay_demo000112
184,ORD00111,P024,C0021,1,2299,2025-12-21T21:00:00,pay_demo000113
185,ORD00111,P019,C0021,1,1299,2025-12-21T21:00:00,pay_demo000113
186,ORD00112,P017,C0021,1,2199,2025-12-08T12:00:00,pay_demo000114
187,ORD00113,P025,C0022,1,899,2026-02-03T05:00:00,pay_demo000115
188,ORD00113,P019,C0022,1,1299,2026-02-03T05:00:00,pay_demo000115
189,ORD00113,P023,C0022,1,549,2026-02-03T05:00:00,pay_demo000115
190,ORD00114,P020,C0022,1,999,2026-03-17T10:00:00,pay_demo000116
191,ORD00115,P021,C0022,1,1399,2025-11-03T19:00:00,pay_demo000117
192,ORD00116,P021,C0022,2,2798,2026-05-18T05:00:00,pay_demo000118
193,ORD00116,P021,C0022,1,1399,2026-05-18T05:00:00,pay_demo000118
194,ORD00117,P024,C0022,1,2299,2026-04-05T16:00:00,pay_demo000119
195,ORD00118,P025,C0022,1,899,2026-06-21T09:00:00,pay_demo000120
196,ORD00118,P002,C0022,1,599,2026-06-21T09:00:00,pay_demo000120
197,ORD00119,P020,C0022,2,1998,2026-03-18T19:00:00,pay_demo000121
198,ORD00119,P018,C0022,1,899,2026-03-18T19:00:00,pay_demo000121
199,ORD00119,P022,C0022,2,1498,2026-03-18T19:00:00,pay_demo000121
200,ORD00120,P010,C0023,1,1299,2026-03-09T03:00:00,pay_demo000122
201,ORD00121,P010,C0023,1,1299,2026-05-21T10:00:00,pay_demo000123
202,ORD00121,P005,C0023,1,1699,2026-05-21T10:00:00,pay_demo000123
203,ORD00122,P011,C0023,1,349,2025-11-26T22:00:00,pay_demo000124
204,ORD00122,P012,C0023,1,649,2025-11-26T22:00:00,pay_demo000124
205,ORD00122,P012,C0023,1,649,2025-11-26T22:00:00,pay_demo000124
206,ORD00123,P024,C0023,1,2299,2026-03-01T05:00:00,pay_demo000125
207,ORD00124,P005,C0023,1,1699,2026-06-12T08:00:00,pay_demo000126
208,ORD00124,P013,C0023,1,299,2026-06-12T08:00:00,pay_demo000126
209,ORD00124,P008,C0023,2,1598,2026-06-12T08:00:00,pay_demo000126
210,ORD00125,P012,C0023,1,649,2026-06-03T07:00:00,pay_demo000127
211,ORD00126,P003,C0024,1,2799,2026-06-26T00:00:00,pay_demo000128
212,ORD00126,P001,C0024,1,1499,2026-06-26T00:00:00,pay_demo000128
213,ORD00126,P019,C0024,1,1299,2026-06-26T00:00:00,pay_demo000128
214,ORD00127,P031,C0025,1,379,2025-12-04T12:00:00,pay_demo000129
215,ORD00127,P026,C0025,2,898,2025-12-04T12:00:00,pay_demo000129
216,ORD00128,P029,C0025,2,1098,2026-02-19T05:00:00,pay_demo000130
217,ORD00129,P025,C0025,1,899,2026-04-26T17:00:00,pay_demo000131
218,ORD00130,P009,C0025,1,499,2026-05-09T08:00:00,pay_demo000132
219,ORD00130,P026,C0025,2,898,2026-05-09T08:00:00,pay_demo000132
220,ORD00131,P031,C0025,1,379,2025-12-25T00:00:00,pay_demo000133
221,ORD00132,P027,C0025,1,399,2025-12-14T23:00:00,pay_demo000134
222,ORD00133,P030,C0025,1,1199,2025-12-28T21:00:00,pay_demo000135
223,ORD00133,P031,C0025,1,379,2025-12-28T21:00:00,pay_demo000135
224,ORD00134,P027,C0025,2,798,2026-03-10T11:00:00,pay_demo000136
225,ORD00135,P027,C0025,1,399,2026-06-22T20:00:00,pay_demo000137
226,ORD00136,P023,C0026,1,549,2026-06-10T12:00:00,pay_demo000138
227,ORD00136,P020,C0026,2,1998,2026-06-10T12:00:00,pay_demo000138
228,ORD00136,P015,C0026,1,4999,2026-06-10T12:00:00,pay_demo000138
229,ORD00137,P021,C0026,2,2798,2026-08-17T03:00:00,pay_demo000139
230,ORD00138,P024,C0026,1,2299,2026-09-12T20:00:00,pay_demo000140
231,ORD00138,P006,C0026,2,7998,2026-09-12T20:00:00,pay_demo000140
232,ORD00139,P030,C0026,1,1199,2026-05-26T22:00:00,pay_demo000141
233,ORD00139,P022,C0026,1,749,2026-05-26T22:00:00,pay_demo000141
234,ORD00139,P025,C0026,1,899,2026-05-26T22:00:00,pay_demo000141
235,ORD00140,P025,C0026,1,899,2025-12-09T01:00:00,pay_demo000142
236,ORD00141,P025,C0026,1,899,2026-07-04T12:00:00,pay_demo000143
237,ORD00141,P021,C0026,1,1399,2026-07-04T12:00:00,pay_demo000143
238,ORD00142,P011,C0026,1,349,2026-02-13T18:00:00,pay_demo000144
239,ORD00142,P010,C0026,2,2598,2026-02-13T18:00:00,pay_demo000144
240,ORD00142,P023,C0026,2,1098,2026-02-13T18:00:00,pay_demo000144
241,ORD00143,P003,C0026,1,2799,2026-07-07T05:00:00,pay_demo000145
242,ORD00144,P021,C0026,1,1399,2026-01-15T09:00:00,pay_demo000146
243,ORD00144,P031,C0026,2,758,2026-01-15T09:00:00,pay_demo000146
244,ORD00144,P025,C0026,1,899,2026-01-15T09:00:00,pay_demo000146
245,ORD00145,P020,C0027,1,999,2025-11-11T16:00:00,pay_demo000147
246,ORD00145,P016,C0027,2,3198,2025-11-11T16:00:00,pay_demo000147
247,ORD00146,P017,C0028,1,2199,2026-02-20T16:00:00,pay_demo000148
248,ORD00146,P011,C0028,2,698,2026-02-20T16:00:00,pay_demo000148
249,ORD00146,P026,C0028,2,898,2026-02-20T16:00:00,pay_demo000148
250,ORD00147,P009,C0028,1,499,2025-11-10T19:00:00,pay_demo000149
251,ORD00147,P009,C0028,2,998,2025-11-10T19:00:00,pay_demo000149
252,ORD00148,P009,C0028,1,499,2025-11-08T02:00:00,pay_demo000150
253,ORD00149,P011,C0028,1,349,2025-12-17T16:00:00,pay_demo000151
254,ORD00150,P013,C0028,2,598,2026-08-25T03:00:00,pay_demo000152
255,ORD00150,P013,C0028,2,598,2026-08-25T03:00:00,pay_demo000152
256,ORD00150,P009,C0028,1,499,2026-08-25T03:00:00,pay_demo000152
257,ORD00151,P011,C0028,1,349,2026-04-02T23:00:00,pay_demo000153
258,ORD00152,P012,C0028,1,649,2026-05-31T22:00:00,pay_demo000154
259,ORD00152,P009,C0028,2,998,2026-05-31T22:00:00,pay_demo000154
260,ORD00152,P012,C0028,1,649,2026-05-31T22:00:00,pay_demo000154
261,ORD00153,P013,C0028,1,299,2025-12-02T09:00:00,pay_demo000155
262,ORD00153,P012,C0028,2,1298,2025-12-02T09:00:00,pay_demo000155
263,ORD00153,P009,C0028,1,499,2025-12-02T09:00:00,pay_demo000155
264,ORD00154,P013,C0028,1,299,2025-11-01T22:00:00,pay_demo000156
265,ORD00154,P013,C0028,1,299,2025-11-01T22:00:00,pay_demo000156
266,ORD00154,P010,C0028,1,1299,2025-11-01T22:00:00,pay_demo000156
267,ORD00155,P008,C0028,2,1598,2026-03-30T06:00:00,pay_demo000157
268,ORD00155,P003,C0028,2,5598,2026-03-30T06:00:00,pay_demo000157
269,ORD00156,P001,C0028,1,1499,2026-06-18T05:00:00,pay_demo000158
270,ORD00156,P010,C0028,2,2598,2026-06-18T05:00:00,pay_demo000158
271,ORD00156,P016,C0028,1,1599,2026-06-18T05:00:00,pay_demo000158
272,ORD00157,P013,C0028,1,299,2025-12-24T06:00:00,pay_demo000159
273,ORD00157,P022,C0028,1,749,2025-12-24T06:00:00,pay_demo000159
274,ORD00157,P010,C0028,1,1299,2025-12-24T06:00:00,pay_demo000159
275,ORD00158,P010,C0028,1,1299,2026-03-30T06:00:00,pay_demo000160
276,ORD00159,P002,C0028,1,599,2026-05-01T04:00:00,pay_demo000161
277,ORD00160,P009,C0028,2,998,2026-01-20T16:00:00,pay_demo000162
278,ORD00161,P013,C0028,1,299,2025-11-17T01:00:00,pay_demo000163
279,ORD00161,P012,C0028,1,649,2025-11-17T01:00:00,pay_demo000163
280,ORD00162,P012,C0028,1,649,2025-11-17T06:00:00,pay_demo000164
281,ORD00163,P027,C0028,1,399,2025-11-14T18:00:00,pay_demo000165
282,ORD00164,P009,C0028,1,499,2026-07-09T19:00:00,pay_demo000166
283,ORD00164,P010,C0028,1,1299,2026-07-09T19:00:00,pay_demo000166
284,ORD00164,P021,C0028,1,1399,2026-07-09T19:00:00,pay_demo000166
285,ORD00165,P030,C0028,2,2398,2026-03-28T08:00:00,pay_demo000167
286,ORD00165,P028,C0028,2,598,2026-03-28T08:00:00,pay_demo000167
287,ORD00166,P013,C0028,1,299,2026-03-16T22:00:00,pay_demo000168
288,ORD00166,P008,C0028,2,1598,2026-03-16T22:00:00,pay_demo000168
289,ORD00167,P020,C0028,1,999,2026-04-03T07:00:00,pay_demo000169
290,ORD00167,P012,C0028,1,649,2026-04-03T07:00:00,pay_demo000169
291,ORD00168,P015,C0029,1,4999,2026-08-28T16:00:00,pay_demo000170
292,ORD00169,P001,C0029,1,1499,2026-08-30T07:00:00,pay_demo000171
293,ORD00170,P001,C0030,1,1499,2026-07-21T17:00:00,pay_demo000172
294,ORD00170,P006,C0030,1,3999,2026-07-21T17:00:00,pay_demo000172
295,ORD00170,P004,C0030,1,1199,2026-07-21T17:00:00,pay_demo000172
296,ORD00171,P014,C0030,1,2499,2026-04-30T07:00:00,pay_demo000173
297,ORD00172,P002,C0030,1,599,2026-09-11T12:00:00,pay_demo000174
298,ORD00172,P018,C0030,1,899,2026-09-11T12:00:00,pay_demo000174
299,ORD00173,P022,C0031,1,749,2026-01-01T05:00:00,pay_demo000175
300,ORD00173,P018,C0031,2,1798,2026-01-01T05:00:00,pay_demo000175
301,ORD00174,P003,C0032,1,2799,2025-12-18T10:00:00,pay_demo000176
302,ORD00175,P016,C0033,1,1599,2025-10-28T06:00:00,pay_demo000177
303,ORD00175,P016,C0033,1,1599,2025-10-28T06:00:00,pay_demo000177
304,ORD00176,P013,C0034,2,598,2025-12-10T22:00:00,pay_demo000178
305,ORD00176,P012,C0034,1,649,2025-12-10T22:00:00,pay_demo000178
306,ORD00177,P004,C0034,1,1199,2026-09-15T11:00:00,pay_demo000179
307,ORD00177,P001,C0034,1,1499,2026-09-15T11:00:00,pay_demo000179
308,ORD00178,P017,C0034,1,2199,2026-05-19T01:00:00,pay_demo000180
309,ORD00178,P007,C0034,1,1899,2026-05-19T01:00:00,pay_demo000180
310,ORD00179,P008,C0034,1,799,2026-01-09T19:00:00,pay_demo000181
311,ORD00180,P010,C0034,1,1299,2026-08-09T00:00:00,pay_demo000182
312,ORD00181,P026,C0035,1,449,2026-05-18T23:00:00,pay_demo000183
313,ORD00181,P030,C0035,2,2398,2026-05-18T23:00:00,pay_demo000183
314,ORD00182,P005,C0035,1,1699,2026-01-06T17:00:00,pay_demo000184
315,ORD00182,P031,C0035,2,758,2026-01-06T17:00:00,pay_demo000184
316,ORD00182,P006,C0035,1,3999,2026-01-06T17:00:00,pay_demo000184
317,ORD00183,P030,C0035,2,2398,2026-01-15T12:00:00,pay_demo000185
318,ORD00184,P028,C0035,1,299,2026-03-02T08:00:00,pay_demo000186
319,ORD00185,P031,C0035,2,758,2026-02-23T20:00:00,pay_demo000187
320,ORD00185,P015,C0035,1,4999,2026-02-23T20:00:00,pay_demo000187
321,ORD00185,P028,C0035,1,299,2026-02-23T20:00:00,pay_demo000187
322,ORD00186,P029,C0035,1,549,2026-07-19T01:00:00,pay_demo000188
323,ORD00187,P026,C0035,2,898,2026-04-12T09:00:00,pay_demo000189
324,ORD00188,P021,C0035,2,2798,2026-05-30T07:00:00,pay_demo000190
325,ORD00188,P019,C0035,2,2598,2026-05-30T07:00:00,pay_demo000190
326,ORD00189,P030,C0035,2,2398,2025-11-06T19:00:00,pay_demo000191
327,ORD00189,P029,C0035,1,549,2025-11-06T19:00:00,pay_demo000191
328,ORD00190,P029,C0035,1,549,2026-01-29T19:00:00,pay_demo000192
329,ORD00191,P028,C0035,2,598,2026-06-04T12:00:00,pay_demo000193
330,ORD00192,P031,C0035,1,379,2026-08-20T09:00:00,pay_demo000194
331,ORD00192,P031,C0035,1,379,2026-08-20T09:00:00,pay_demo000194
332,ORD00193,P027,C0035,1,399,2026-07-16T12:00:00,pay_demo000195
333,ORD00194,P006,C0035,2,7998,2026-04-08T23:00:00,pay_demo000196
334,ORD00195,P031,C0035,1,379,2026-06-08T02:00:00,pay_demo000197
335,ORD00196,P030,C0035,1,1199,2026-07-14T09:00:00,pay_demo000198
336,ORD00196,P029,C0035,1,549,2026-07-14T09:00:00,pay_demo000198
337,ORD00197,P012,C0035,1,649,2026-05-29T10:00:00,pay_demo000199
338,ORD00198,P028,C0035,1,299,2026-04-04T11:00:00,pay_demo000200
339,ORD00198,P028,C0035,1,299,2026-04-04T11:00:00,pay_demo000200
340,ORD00198,P029,C0035,1,549,2026-04-04T11:00:00,pay_demo000200
341,ORD00199,P022,C0035,1,749,2026-09-03T18:00:00,pay_demo000201
342,ORD00200,P027,C0035,1,399,2026-09-07T06:00:00,pay_demo000202
343,ORD00200,P029,C0035,1,549,2026-09-07T06:00:00,pay_demo000202
344,ORD00201,P027,C0035,2,798,2026-05-23T10:00:00,pay_demo000203
345,ORD00201,P030,C0035,1,1199,2026-05-23T10:00:00,pay_demo000203
346,ORD00202,P002,C0035,1,599,2025-11-30T01:00:00,pay_demo000204
347,ORD00202,P030,C0035,1,1199,2025-11-30T01:00:00,pay_demo000204
348,ORD00202,P011,C0035,1,349,2025-11-30T01:00:00,pay_demo000204
349,ORD00203,P012,C0036,1,649,2026-02-03T09:00:00,pay_demo000205
350,ORD00204,P004,C0036,2,2398,2026-04-25T18:00:00,pay_demo000206
351,ORD00204,P004,C0036,1,1199,2026-04-25T18:00:00,pay_demo000206
352,ORD00205,P006,C0036,1,3999,2026-07-20T00:00:00,pay_demo000207
353,ORD00205,P018,C0036,1,899,2026-07-20T00:00:00,pay_demo000207
354,ORD00206,P002,C0036,2,1198,2026-09-02T01:00:00,pay_demo000208
355,ORD00207,P005,C0036,1,1699,2025-11-03T07:00:00,pay_demo000209
356,ORD00208,P012,C0036,1,649,2026-06-14T16:00:00,pay_demo000210
357,ORD00208,P004,C0036,2,2398,2026-06-14T16:00:00,pay_demo000210
358,ORD00209,P006,C0036,1,3999,2025-12-07T03:00:00,pay_demo000211
359,ORD00210,P007,C0036,1,1899,2026-05-01T01:00:00,pay_demo000212
360,ORD00210,P003,C0036,1,2799,2026-05-01T01:00:00,pay_demo000212
361,ORD00211,P004,C0036,1,1199,2026-07-18T03:00:00,pay_demo000213
362,ORD00211,P002,C0036,1,599,2026-07-18T03:00:00,pay_demo000213
363,ORD00212,P006,C0036,1,3999,2026-01-23T02:00:00,pay_demo000214
364,ORD00213,P019,C0036,1,1299,2026-08-03T04:00:00,pay_demo000215
365,ORD00214,P007,C0036,2,3798,2026-02-07T21:00:00,pay_demo000216
366,ORD00215,P007,C0036,1,1899,2026-05-04T21:00:00,pay_demo000217
367,ORD00216,P003,C0036,1,2799,2025-12-26T20:00:00,pay_demo000218
368,ORD00216,P006,C0036,1,3999,2025-12-26T20:00:00,pay_demo000218
369,ORD00216,P001,C0036,1,1499,2025-12-26T20:00:00,pay_demo000218
370,ORD00217,P021,C0036,2,2798,2025-11-19T08:00:00,pay_demo000219
371,ORD00217,P005,C0036,1,1699,2025-11-19T08:00:00,pay_demo000219
372,ORD00217,P006,C0036,1,3999,2025-11-19T08:00:00,pay_demo000219
373,ORD00218,P004,C0036,2,2398,2025-12-10T10:00:00,pay_demo000220
374,ORD00218,P007,C0036,1,1899,2025-12-10T10:00:00,pay_demo000220
375,ORD00219,P003,C0036,2,5598,2026-09-11T00:00:00,pay_demo000221
376,ORD00220,P026,C0037,1,449,2026-04-20T01:00:00,pay_demo000222
377,ORD00220,P011,C0037,1,349,2026-04-20T01:00:00,pay_demo000222
378,ORD00221,P018,C0037,2,1798,2025-11-21T23:00:00,pay_demo000223
379,ORD00221,P013,C0037,1,299,2025-11-21T23:00:00,pay_demo000223
380,ORD00222,P018,C0037,1,899,2026-05-13T07:00:00,pay_demo000224
381,ORD00223,P031,C0037,2,758,2025-12-26T22:00:00,pay_demo000225
382,ORD00223,P027,C0037,1,399,2025-12-26T22:00:00,pay_demo000225
383,ORD00223,P031,C0037,1,379,2025-12-26T22:00:00,pay_demo000225
384,ORD00224,P031,C0037,1,379,2026-03-01T23:00:00,pay_demo000226
385,ORD00225,P031,C0038,1,379,2026-09-24T01:00:00,pay_demo000227
386,ORD00225,P009,C0038,1,499,2026-09-24T01:00:00,pay_demo000227
387,ORD00226,P009,C0038,1,499,2026-09-12T11:00:00,pay_demo000228
388,ORD00227,P009,C0039,1,499,2026-09-10T17:00:00,pay_demo000229
389,ORD00227,P009,C0039,1,499,2026-09-10T17:00:00,pay_demo000229
390,ORD00228,P023,C0039,2,1098,2026-03-18T10:00:00,pay_demo000230
391,ORD00229,P024,C0039,1,2299,2026-08-02T06:00:00,pay_demo000231
392,ORD00230,P023,C0039,2,1098,2026-02-11T02:00:00,pay_demo000232
393,ORD00231,P016,C0040,2,3198,2026-07-20T00:00:00,pay_demo000233
394,ORD00232,P007,C0040,1,1899,2026-02-16T10:00:00,pay_demo000234
395,ORD00232,P006,C0040,1,3999,2026-02-16T10:00:00,pay_demo000234
396,ORD00233,P007,C0040,1,1899,2026-01-29T10:00:00,pay_demo000235
397,ORD00233,P006,C0040,2,7998,2026-01-29T10:00:00,pay_demo000235
398,ORD00233,P002,C0040,1,599,2026-01-29T10:00:00,pay_demo000235
399,ORD00234,P001,C0040,1,1499,2026-05-05T20:00:00,pay_demo000236
400,ORD00235,P001,C0040,1,1499,2026-07-06T06:00:00,pay_demo000237
401,ORD00236,P014,C0041,1,2499,2026-07-09T06:00:00,pay_demo000238
402,ORD00236,P014,C0041,1,2499,2026-07-09T06:00:00,pay_demo000238
403,ORD00236,P018,C0041,1,899,2026-07-09T06:00:00,pay_demo000238
404,ORD00237,P025,C0042,2,1798,2026-06-23T10:00:00,pay_demo000239
405,ORD00237,P021,C0042,1,1399,2026-06-23T10:00:00,pay_demo000239
406,ORD00238,P005,C0042,1,1699,2026-03-02T11:00:00,pay_demo000240
407,ORD00238,P022,C0042,1,749,2026-03-02T11:00:00,pay_demo000240
408,ORD00239,P023,C0042,1,549,2025-11-18T22:00:00,pay_demo000241
409,ORD00239,P023,C0042,1,549,2025-11-18T22:00:00,pay_demo000241
410,ORD00240,P022,C0042,1,749,2025-10-31T17:00:00,pay_demo000242
411,ORD00240,P028,C0042,1,299,2025-10-31T17:00:00,pay_demo000242
412,ORD00240,P023,C0042,1,549,2025-10-31T17:00:00,pay_demo000242
413,ORD00241,P014,C0042,1,2499,2026-04-20T01:00:00,pay_demo000243
414,ORD00241,P019,C0042,1,1299,2026-04-20T01:00:00,pay_demo000243
415,ORD00242,P023,C0042,2,1098,2026-04-28T09:00:00,pay_demo000244
416,ORD00243,P020,C0042,1,999,2025-11-24T22:00:00,pay_demo000245
417,ORD00244,P016,C0043,1,1599,2026-04-11T22:00:00,pay_demo000246
418,ORD00244,P010,C0043,2,2598,2026-04-11T22:00:00,pay_demo000246
419,ORD00245,P030,C0044,1,1199,2026-05-04T03:00:00,pay_demo000247
420,ORD00246,P005,C0045,1,1699,2026-09-24T09:00:00,pay_demo000248
421,ORD00246,P005,C0045,1,1699,2026-09-24T09:00:00,pay_demo000248
422,ORD00247,P030,C0046,1,1199,2025-11-22T01:00:00,pay_demo000249
423,ORD00247,P030,C0046,1,1199,2025-11-22T01:00:00,pay_demo000249
424,ORD00248,P026,C0047,1,449,2026-09-22T23:00:00,pay_demo000250
425,ORD00249,P031,C0047,2,758,2026-08-23T23:00:00,pay_demo000251
426,ORD00249,P026,C0047,1,449,2026-08-23T23:00:00,pay_demo000251
427,ORD00249,P030,C0047,1,1199,2026-08-23T23:00:00,pay_demo000251
428,ORD00250,P015,C0048,1,4999,2025-10-11T03:00:00,pay_demo000252
429,ORD00251,P003,C0049,1,2799,2026-05-27T01:00:00,pay_demo000253
430,ORD00251,P002,C0049,2,1198,2026-05-27T01:00:00,pay_demo000253
431,ORD00251,P003,C0049,1,2799,2026-05-27T01:00:00,pay_demo000253
432,ORD00252,P003,C0049,1,2799,2026-07-06T17:00:00,pay_demo000254
433,ORD00252,P005,C0049,1,1699,2026-07-06T17:00:00,pay_demo000254
434,ORD00252,P005,C0049,1,1699,2026-07-06T17:00:00,pay_demo000254
435,ORD00253,P007,C0049,1,1899,2026-06-13T17:00:00,pay_demo000255
436,ORD00254,P006,C0049,1,3999,2026-01-19T06:00:00,pay_demo000256
437,ORD00255,P001,C0049,2,2998,2026-01-15T23:00:00,pay_demo000257
438,ORD00256,P024,C0050,1,2299,2026-09-17T02:00:00,pay_demo000258
439,ORD00257,P024,C0051,1,2299,2026-08-01T09:00:00,pay_demo000259
440,ORD00258,P025,C0051,1,899,2026-07-24T01:00:00,pay_demo000260
441,ORD00259,P017,C0051,1,2199,2026-01-23T16:00:00,pay_demo000261
442,ORD00260,P021,C0051,1,1399,2026-06-27T17:00:00,pay_demo000262
443,ORD00260,P021,C0051,2,2798,2026-06-27T17:00:00,pay_demo000262
444,ORD00260,P020,C0051,2,1998,2026-06-27T17:00:00,pay_demo000262
445,ORD00261,P008,C0051,1,799,2026-04-08T06:00:00,pay_demo000263
446,ORD00262,P023,C0051,2,1098,2026-09-25T08:00:00,pay_demo000264
447,ORD00263,P031,C0051,1,379,2025-12-04T18:00:00,pay_demo000265
448,ORD00263,P013,C0051,1,299,2025-12-04T18:00:00,pay_demo000265
449,ORD00264,P021,C0051,2,2798,2026-02-02T04:00:00,pay_demo000266
450,ORD00264,P022,C0051,2,1498,2026-02-02T04:00:00,pay_demo000266
451,ORD00265,P021,C0051,1,1399,2026-08-21T18:00:00,pay_demo000267
452,ORD00265,P029,C0051,1,549,2026-08-21T18:00:00,pay_demo000267
453,ORD00266,P020,C0051,1,999,2026-05-01T03:00:00,pay_demo000268
454,ORD00267,P001,C0052,1,1499,2026-03-16T16:00:00,pay_demo000269
455,ORD00268,P015,C0052,1,4999,2026-03-13T04:00:00,pay_demo000270
456,ORD00269,P016,C0052,2,3198,2026-07-14T05:00:00,pay_demo000271
457,ORD00269,P018,C0052,2,1798,2026-07-14T05:00:00,pay_demo000271
458,ORD00270,P017,C0052,1,2199,2026-02-02T22:00:00,pay_demo000272
459,ORD00271,P027,C0053,1,399,2026-07-20T05:00:00,pay_demo000273
460,ORD00272,P015,C0053,1,4999,2026-04-29T12:00:00,pay_demo000274
461,ORD00272,P028,C0053,1,299,2026-04-29T12:00:00,pay_demo000274
462,ORD00273,P026,C0053,1,449,2026-09-25T22:00:00,pay_demo000275
463,ORD00274,P029,C0053,2,1098,2026-03-17T00:00:00,pay_demo000276
464,ORD00275,P030,C0053,1,1199,2025-12-20T17:00:00,pay_demo000277
465,ORD00276,P030,C0053,1,1199,2026-02-21T23:00:00,pay_demo000278
466,ORD00276,P031,C0053,1,379,2026-02-21T23:00:00,pay_demo000278
467,ORD00277,P012,C0053,1,649,2026-09-06T17:00:00,pay_demo000279
468,ORD00277,P028,C0053,2,598,2026-09-06T17:00:00,pay_demo000279
469,ORD00277,P017,C0053,1,2199,2026-09-06T17:00:00,pay_demo000279
470,ORD00278,P020,C0054,1,999,2026-05-01T07:00:00,pay_demo000280
471,ORD00278,P021,C0054,1,1399,2026-05-01T07:00:00,pay_demo000280
472,ORD00279,P025,C0054,2,1798,2026-08-06T10:00:00,pay_demo000281
473,ORD00280,P018,C0055,1,899,2026-08-12T00:00:00,pay_demo000282
474,ORD00281,P018,C0055,2,1798,2026-03-02T18:00:00,pay_demo000283
475,ORD00281,P015,C0055,1,4999,2026-03-02T18:00:00,pay_demo000283
476,ORD00281,P019,C0055,1,1299,2026-03-02T18:00:00,pay_demo000283
477,ORD00282,P013,C0056,1,299,2026-09-12T03:00:00,pay_demo000284
478,ORD00282,P018,C0056,2,1798,2026-09-12T03:00:00,pay_demo000284
479,ORD00283,P010,C0056,1,1299,2026-04-21T11:00:00,pay_demo000285
480,ORD00284,P020,C0056,1,999,2026-03-14T22:00:00,pay_demo000286
481,ORD00285,P011,C0056,2,698,2026-03-26T19:00:00,pay_demo000287
482,ORD00286,P007,C0057,2,3798,2025-11-19T22:00:00,pay_demo000288
483,ORD00287,P013,C0058,1,299,2026-08-28T21:00:00,pay_demo000289
484,ORD00287,P012,C0058,1,649,2026-08-28T21:00:00,pay_demo000289
485,ORD00288,P008,C0058,1,799,2025-12-31T02:00:00,pay_demo000290
486,ORD00289,P017,C0058,1,2199,2026-03-27T21:00:00,pay_demo000291
487,ORD00290,P022,C0058,1,749,2026-05-28T09:00:00,pay_demo000292
488,ORD00290,P011,C0058,2,698,2026-05-28T09:00:00,pay_demo000292
489,ORD00291,P009,C0058,1,499,2026-09-20T16:00:00,pay_demo000293
490,ORD00292,P010,C0058,2,2598,2026-02-24T05:00:00,pay_demo000294
491,ORD00293,P008,C0058,1,799,2026-02-19T06:00:00,pay_demo000295
492,ORD00293,P013,C0058,1,299,2026-02-19T06:00:00,pay_demo000295
493,ORD00294,P016,C0059,1,1599,2026-08-04T17:00:00,pay_demo000296
494,ORD00294,P015,C0059,1,4999,2026-08-04T17:00:00,pay_demo000296
495,ORD00295,P019,C0059,2,2598,2026-02-17T03:00:00,pay_demo000297
496,ORD00295,P015,C0059,1,4999,2026-02-17T03:00:00,pay_demo000297
497,ORD00296,P015,C0059,1,4999,2026-05-20T03:00:00,pay_demo000298
498,ORD00296,P015,C0059,1,4999,2026-05-20T03:00:00,pay_demo000298
499,ORD00297,P016,C0059,1,1599,2026-05-12T00:00:00,pay_demo000299
500,ORD00298,P017,C0060,1,2199,2026-05-07T12:00:00,pay_demo000300
501,ORD00299,P019,C0060,1,1299,2025-11-22T08:00:00,pay_demo000301
502,ORD00299,P010,C0060,1,1299,2025-11-22T08:00:00,pay_demo000301
503,ORD00299,P019,C0060,2,2598,2025-11-22T08:00:00,pay_demo000301
504,ORD00300,P025,C0060,1,899,2025-12-13T16:00:00,pay_demo000302
505,ORD00300,P027,C0060,2,798,2025-12-13T16:00:00,pay_demo000302
506,ORD00300,P017,C0060,1,2199,2025-12-13T16:00:00,pay_demo000302
507,ORD00301,P015,C0060,1,4999,2026-05-11T10:00:00,pay_demo000303
508,ORD00301,P013,C0060,1,299,2026-05-11T10:00:00,pay_demo000303
509,ORD00302,P020,C0060,1,999,2026-06-20T22:00:00,pay_demo000304
510,ORD00303,P021,C0060,2,2798,2026-04-23T04:00:00,pay_demo000305
511,ORD00304,P030,C0061,1,1199,2026-03-02T20:00:00,pay_demo000306
512,ORD00304,P002,C0061,1,599,2026-03-02T20:00:00,pay_demo000306
513,ORD00305,P030,C0061,1,1199,2026-05-25T02:00:00,pay_demo000307
514,ORD00306,P029,C0061,1,549,2026-05-09T07:00:00,pay_demo000308
515,ORD00306,P017,C0061,1,2199,2026-05-09T07:00:00,pay_demo000308
516,ORD00307,P027,C0061,1,399,2026-03-04T11:00:00,pay_demo000309
517,ORD00308,P022,C0061,1,749,2026-08-09T21:00:00,pay_demo000310
518,ORD00308,P028,C0061,1,299,2026-08-09T21:00:00,pay_demo000310
519,ORD00308,P030,C0061,1,1199,2026-08-09T21:00:00,pay_demo000310
520,ORD00309,P011,C0062,1,349,2025-12-03T16:00:00,pay_demo000311
521,ORD00310,P008,C0062,1,799,2025-12-22T00:00:00,pay_demo000312
522,ORD00311,P010,C0062,2,2598,2026-05-17T10:00:00,pay_demo000313
523,ORD00312,P010,C0062,1,1299,2026-01-12T00:00:00,pay_demo000314
524,ORD00312,P011,C0062,2,698,2026-01-12T00:00:00,pay_demo000314
525,ORD00313,P027,C0062,1,399,2026-05-09T23:00:00,pay_demo000315
526,ORD00314,P010,C0062,1,1299,2026-07-01T03:00:00,pay_demo000316
527,ORD00314,P010,C0062,2,2598,2026-07-01T03:00:00,pay_demo000316
528,ORD00314,P010,C0062,1,1299,2026-07-01T03:00:00,pay_demo000316
529,ORD00315,P013,C0062,2,598,2026-05-02T17:00:00,pay_demo000317
530,ORD00315,P014,C0062,1,2499,2026-05-02T17:00:00,pay_demo000317
531,ORD00316,P027,C0063,1,399,2026-05-21T05:00:00,pay_demo000318
532,ORD00317,P005,C0063,1,1699,2026-04-19T20:00:00,pay_demo000319
533,ORD00318,P003,C0063,2,5598,2026-06-10T22:00:00,pay_demo000320
534,ORD00318,P017,C0063,1,2199,2026-06-10T22:00:00,pay_demo000320
535,ORD00319,P026,C0063,1,449,2026-04-08T21:00:00,pay_demo000321
536,ORD00320,P011,C0064,1,349,2026-04-26T03:00:00,pay_demo000322
537,ORD00320,P012,C0064,2,1298,2026-04-26T03:00:00,pay_demo000322
538,ORD00321,P009,C0064,1,499,2026-08-17T08:00:00,pay_demo000323
539,ORD00321,P011,C0064,1,349,2026-08-17T08:00:00,pay_demo000323
540,ORD00322,P028,C0064,1,299,2026-08-12T10:00:00,pay_demo000324
541,ORD00322,P012,C0064,1,649,2026-08-12T10:00:00,pay_demo000324
542,ORD00323,P026,C0064,1,449,2026-07-04T04:00:00,pay_demo000325
543,ORD00324,P012,C0064,1,649,2026-08-07T10:00:00,pay_demo000326
544,ORD00324,P014,C0064,1,2499,2026-08-07T10:00:00,pay_demo000326
545,ORD00324,P013,C0064,1,299,2026-08-07T10:00:00,pay_demo000326
546,ORD00325,P011,C0064,1,349,2026-06-28T02:00:00,pay_demo000327
547,ORD00325,P008,C0064,2,1598,2026-06-28T02:00:00,pay_demo000327
548,ORD00326,P012,C0064,1,649,2026-04-28T20:00:00,pay_demo000328
549,ORD00326,P013,C0064,2,598,2026-04-28T20:00:00,pay_demo000328
550,ORD00327,P009,C0064,2,998,2026-06-02T01:00:00,pay_demo000329
551,ORD00328,P008,C0064,1,799,2026-04-23T04:00:00,pay_demo000330
552,ORD00329,P017,C0065,2,4398,2026-08-29T01:00:00,pay_demo000331
553,ORD00330,P022,C0065,1,749,2026-03-01T20:00:00,pay_demo000332
554,ORD00331,P031,C0065,1,379,2026-06-25T01:00:00,pay_demo000333
555,ORD00332,P019,C0066,1,1299,2026-06-10T02:00:00,pay_demo000334
556,ORD00333,P014,C0066,1,2499,2026-04-28T20:00:00,pay_demo000335
557,ORD00333,P031,C0066,1,379,2026-04-28T20:00:00,pay_demo000335
558,ORD00333,P026,C0066,1,449,2026-04-28T20:00:00,pay_demo000335
559,ORD00334,P028,C0066,1,299,2025-11-29T23:00:00,pay_demo000336
560,ORD00335,P029,C0066,1,549,2025-12-04T16:00:00,pay_demo000337
561,ORD00335,P026,C0066,2,898,2025-12-04T16:00:00,pay_demo000337
562,ORD00335,P031,C0066,1,379,2025-12-04T16:00:00,pay_demo000337
563,ORD00336,P028,C0067,1,299,2026-04-02T05:00:00,pay_demo000338
564,ORD00336,P002,C0067,1,599,2026-04-02T05:00:00,pay_demo000338
565,ORD00337,P029,C0067,1,549,2025-12-02T01:00:00,pay_demo000339
566,ORD00337,P031,C0067,1,379,2025-12-02T01:00:00,pay_demo000339
567,ORD00338,P026,C0067,1,449,2026-02-22T12:00:00,pay_demo000340
568,ORD00338,P023,C0067,1,549,2026-02-22T12:00:00,pay_demo000340
569,ORD00338,P028,C0067,1,299,2026-02-22T12:00:00,pay_demo000340
570,ORD00339,P027,C0067,1,399,2026-01-13T04:00:00,pay_demo000341
571,ORD00339,P029,C0067,1,549,2026-01-13T04:00:00,pay_demo000341
572,ORD00340,P018,C0067,1,899,2026-08-15T19:00:00,pay_demo000342
573,ORD00341,P030,C0067,1,1199,2026-03-26T03:00:00,pay_demo000343
574,ORD00342,P010,C0068,1,1299,2026-04-19T22:00:00,pay_demo000344
575,ORD00342,P013,C0068,2,598,2026-04-19T22:00:00,pay_demo000344
576,ORD00342,P010,C0068,1,1299,2026-04-19T22:00:00,pay_demo000344
577,ORD00343,P010,C0068,1,1299,2026-07-27T18:00:00,pay_demo000345
578,ORD00343,P015,C0068,1,4999,2026-07-27T18:00:00,pay_demo000345
579,ORD00344,P010,C0068,1,1299,2026-03-16T22:00:00,pay_demo000346
580,ORD00344,P013,C0068,1,299,2026-03-16T22:00:00,pay_demo000346
581,ORD00344,P013,C0068,2,598,2026-03-16T22:00:00,pay_demo000346
582,ORD00345,P012,C0068,1,649,2026-04-14T19:00:00,pay_demo000347
583,ORD00345,P008,C0068,2,1598,2026-04-14T19:00:00,pay_demo000347
584,ORD00346,P021,C0069,1,1399,2026-04-21T03:00:00,pay_demo000348
585,ORD00346,P020,C0069,1,999,2026-04-21T03:00:00,pay_demo000348
586,ORD00347,P001,C0070,2,2998,2025-12-02T11:00:00,pay_demo000349
587,ORD00348,P013,C0070,1,299,2026-05-24T21:00:00,pay_demo000350
588,ORD00348,P015,C0070,1,4999,2026-05-24T21:00:00,pay_demo000350
589,ORD00349,P004,C0070,2,2398,2026-06-01T03:00:00,pay_demo000351
590,ORD00350,P003,C0070,1,2799,2026-06-19T09:00:00,pay_demo000352
591,ORD00350,P005,C0070,1,1699,2026-06-19T09:00:00,pay_demo000352
592,ORD00350,P003,C0070,2,5598,2026-06-19T09:00:00,pay_demo000352
593,ORD00351,P017,C0071,1,2199,2026-06-14T19:00:00,pay_demo000353
594,ORD00352,P014,C0071,2,4998,2026-05-09T09:00:00,pay_demo000354
595,ORD00352,P017,C0071,1,2199,2026-05-09T09:00:00,pay_demo000354
596,ORD00352,P018,C0071,1,899,2026-05-09T09:00:00,pay_demo000354
597,ORD00353,P005,C0071,1,1699,2026-08-06T02:00:00,pay_demo000355
598,ORD00354,P019,C0071,2,2598,2026-08-30T02:00:00,pay_demo000356
599,ORD00355,P016,C0072,2,3198,2026-02-23T00:00:00,pay_demo000357
600,ORD00356,P006,C0072,1,3999,2026-08-23T03:00:00,pay_demo000358
601,ORD00356,P014,C0072,1,2499,2026-08-23T03:00:00,pay_demo000358
602,ORD00356,P012,C0072,1,649,2026-08-23T03:00:00,pay_demo000358
603,ORD00357,P014,C0072,1,2499,2026-02-11T00:00:00,pay_demo000359
604,ORD00358,P003,C0072,1,2799,2026-07-10T16:00:00,pay_demo000360
605,ORD00358,P015,C0072,1,4999,2026-07-10T16:00:00,pay_demo000360
606,ORD00359,P022,C0072,1,749,2025-11-30T02:00:00,pay_demo000361
607,ORD00359,P016,C0072,1,1599,2025-11-30T02:00:00,pay_demo000361
608,ORD00360,P015,C0072,1,4999,2025-12-14T20:00:00,pay_demo000362
609,ORD00360,P017,C0072,1,2199,2025-12-14T20:00:00,pay_demo000362
610,ORD00361,P017,C0072,1,2199,2025-12-28T23:00:00,pay_demo000363
611,ORD00361,P031,C0072,2,758,2025-12-28T23:00:00,pay_demo000363
612,ORD00362,P017,C0072,1,2199,2026-06-12T16:00:00,pay_demo000364
613,ORD00363,P002,C0072,1,599,2026-01-18T06:00:00,pay_demo000365
614,ORD00364,P001,C0073,1,1499,2026-06-24T07:00:00,pay_demo000366
615,ORD00365,P009,C0074,1,499,2026-03-17T19:00:00,pay_demo000367
616,ORD00366,P015,C0074,1,4999,2025-12-20T18:00:00,pay_demo000368
617,ORD00367,P008,C0074,1,799,2025-12-18T01:00:00,pay_demo000369
618,ORD00367,P008,C0074,2,1598,2025-12-18T01:00:00,pay_demo000369
619,ORD00367,P004,C0074,1,1199,2025-12-18T01:00:00,pay_demo000369
620,ORD00368,P011,C0074,2,698,2026-06-05T11:00:00,pay_demo000370
621,ORD00369,P008,C0074,2,1598,2026-07-09T16:00:00,pay_demo000371
622,ORD00369,P012,C0074,2,1298,2026-07-09T16:00:00,pay_demo000371
623,ORD00370,P011,C0075,2,698,2026-08-21T20:00:00,pay_demo000372
624,ORD00371,P009,C0076,1,499,2026-06-04T00:00:00,pay_demo000373
625,ORD00371,P027,C0076,2,798,2026-06-04T00:00:00,pay_demo000373
626,ORD00372,P031,C0076,1,379,2026-05-12T12:00:00,pay_demo000374
627,ORD00372,P026,C0076,1,449,2026-05-12T12:00:00,pay_demo000374
628,ORD00373,P029,C0076,2,1098,2026-05-05T10:00:00,pay_demo000375
629,ORD00374,P027,C0076,2,798,2025-11-03T08:00:00,pay_demo000376
630,ORD00374,P031,C0076,1,379,2025-11-03T08:00:00,pay_demo000376
631,ORD00374,P027,C0076,2,798,2025-11-03T08:00:00,pay_demo000376
632,ORD00375,P030,C0076,1,1199,2026-06-02T12:00:00,pay_demo000377
633,ORD00376,P028,C0076,1,299,2026-02-17T20:00:00,pay_demo000378
634,ORD00377,P005,C0076,1,1699,2025-11-23T22:00:00,pay_demo000379
635,ORD00378,P011,C0077,2,698,2026-08-07T21:00:00,pay_demo000380
636,ORD00379,P007,C0077,1,1899,2026-03-13T11:00:00,pay_demo000381
637,ORD00379,P004,C0077,1,1199,2026-03-13T11:00:00,pay_demo000381
638,ORD00380,P002,C0077,1,599,2026-04-29T05:00:00,pay_demo000382
639,ORD00380,P004,C0077,1,1199,2026-04-29T05:00:00,pay_demo000382
640,ORD00381,P007,C0077,2,3798,2026-02-14T12:00:00,pay_demo000383
641,ORD00382,P004,C0077,1,1199,2026-06-08T04:00:00,pay_demo000384
642,ORD00382,P017,C0077,1,2199,2026-06-08T04:00:00,pay_demo000384
643,ORD00383,P001,C0077,1,1499,2026-09-12T21:00:00,pay_demo000385
644,ORD00383,P004,C0077,1,1199,2026-09-12T21:00:00,pay_demo000385
645,ORD00384,P002,C0077,1,599,2025-12-31T05:00:00,pay_demo000386
646,ORD00385,P005,C0077,1,1699,2026-05-13T01:00:00,pay_demo000387
647,ORD00386,P001,C0077,1,1499,2026-02-22T17:00:00,pay_demo000388
648,ORD00386,P003,C0077,1,2799,2026-02-22T17:00:00,pay_demo000388
649,ORD00387,P002,C0077,1,599,2026-09-13T05:00:00,pay_demo000389
650,ORD00387,P027,C0077,2,798,2026-09-13T05:00:00,pay_demo000389
651,ORD00388,P005,C0077,1,1699,2025-11-03T16:00:00,pay_demo000390
652,ORD00389,P001,C0077,2,2998,2026-03-05T23:00:00,pay_demo000391
653,ORD00389,P003,C0077,2,5598,2026-03-05T23:00:00,pay_demo000391
654,ORD00389,P018,C0077,1,899,2026-03-05T23:00:00,pay_demo000391
655,ORD00390,P003,C0077,1,2799,2026-01-16T12:00:00,pay_demo000392
656,ORD00391,P026,C0077,1,449,2026-05-28T19:00:00,pay_demo000393
657,ORD00392,P002,C0077,1,599,2026-07-21T17:00:00,pay_demo000394
658,ORD00392,P002,C0077,1,599,2026-07-21T17:00:00,pay_demo000394
659,ORD00393,P001,C0077,1,1499,2026-09-20T21:00:00,pay_demo000395
660,ORD00393,P003,C0077,1,2799,2026-09-20T21:00:00,pay_demo000395
661,ORD00394,P004,C0077,2,2398,2026-07-27T07:00:00,pay_demo000396
662,ORD00395,P002,C0077,1,599,2026-02-07T18:00:00,pay_demo000397
663,ORD00395,P021,C0077,1,1399,2026-02-07T18:00:00,pay_demo000397
664,ORD00395,P001,C0077,1,1499,2026-02-07T18:00:00,pay_demo000397
665,ORD00396,P006,C0077,2,7998,2026-07-02T16:00:00,pay_demo000398
666,ORD00396,P005,C0077,2,3398,2026-07-02T16:00:00,pay_demo000398
667,ORD00396,P003,C0077,1,2799,2026-07-02T16:00:00,pay_demo000398
668,ORD00397,P001,C0077,2,2998,2025-11-19T01:00:00,pay_demo000399
669,ORD00398,P006,C0077,1,3999,2026-09-03T01:00:00,pay_demo000400
670,ORD00399,P018,C0078,2,1798,2026-09-15T09:00:00,pay_demo000401
671,ORD00400,P010,C0079,2,2598,2026-07-13T21:00:00,pay_demo000402
672,ORD00401,P008,C0079,2,1598,2026-02-17T05:00:00,pay_demo000403
673,ORD00401,P019,C0079,2,2598,2026-02-17T05:00:00,pay_demo000403
674,ORD00402,P011,C0079,2,698,2025-12-30T02:00:00,pay_demo000404
675,ORD00403,P009,C0079,1,499,2026-09-01T07:00:00,pay_demo000405
676,ORD00404,P010,C0079,2,2598,2026-07-18T05:00:00,pay_demo000406
677,ORD00405,P008,C0080,1,799,2026-01-29T04:00:00,pay_demo000407
678,ORD00405,P010,C0080,1,1299,2026-01-29T04:00:00,pay_demo000407
679,ORD00405,P011,C0080,1,349,2026-01-29T04:00:00,pay_demo000407
680,ORD00406,P013,C0080,1,299,2026-04-06T09:00:00,pay_demo000408
681,ORD00407,P017,C0080,1,2199,2026-01-22T00:00:00,pay_demo000409
682,ORD00407,P002,C0080,1,599,2026-01-22T00:00:00,pay_demo000409
683,ORD00408,P022,C0080,1,749,2025-12-04T11:00:00,pay_demo000410
684,ORD00408,P008,C0080,2,1598,2025-12-04T11:00:00,pay_demo000410
685,ORD00409,P009,C0080,2,998,2026-07-08T16:00:00,pay_demo000411
686,ORD00409,P012,C0080,1,649,2026-07-08T16:00:00,pay_demo000411
687,ORD00410,P027,C0081,1,399,2025-12-27T06:00:00,pay_demo000412
688,ORD00410,P019,C0081,1,1299,2025-12-27T06:00:00,pay_demo000412
689,ORD00411,P012,C0081,1,649,2026-06-06T16:00:00,pay_demo000413
690,ORD00412,P008,C0081,2,1598,2026-02-13T12:00:00,pay_demo000414
691,ORD00413,P005,C0081,1,1699,2026-05-25T05:00:00,pay_demo000415
692,ORD00414,P029,C0081,1,549,2026-03-29T18:00:00,pay_demo000416
693,ORD00415,P028,C0081,1,299,2026-01-04T01:00:00,pay_demo000417
694,ORD00415,P031,C0081,1,379,2026-01-04T01:00:00,pay_demo000417
695,ORD00416,P019,C0082,1,1299,2026-05-14T18:00:00,pay_demo000418
696,ORD00417,P012,C0082,1,649,2026-08-10T03:00:00,pay_demo000419
697,ORD00418,P023,C0082,1,549,2026-05-07T11:00:00,pay_demo000420
698,ORD00418,P021,C0082,1,1399,2026-05-07T11:00:00,pay_demo000420
699,ORD00419,P009,C0083,1,499,2026-09-11T22:00:00,pay_demo000421
700,ORD00419,P007,C0083,2,3798,2026-09-11T22:00:00,pay_demo000421
701,ORD00420,P012,C0083,1,649,2025-12-28T20:00:00,pay_demo000422
702,ORD00420,P009,C0083,1,499,2025-12-28T20:00:00,pay_demo000422
703,ORD00421,P013,C0083,1,299,2026-03-09T17:00:00,pay_demo000423
704,ORD00422,P016,C0083,1,1599,2026-08-21T11:00:00,pay_demo000424
705,ORD00422,P010,C0083,1,1299,2026-08-21T11:00:00,pay_demo000424
706,ORD00423,P031,C0083,1,379,2026-02-01T16:00:00,pay_demo000425
707,ORD00424,P001,C0083,2,2998,2026-05-18T03:00:00,pay_demo000426
708,ORD00425,P008,C0083,1,799,2026-04-16T07:00:00,pay_demo000427
709,ORD00425,P009,C0083,2,998,2026-04-16T07:00:00,pay_demo000427
710,ORD00426,P010,C0083,1,1299,2026-05-12T03:00:00,pay_demo000428
711,ORD00427,P016,C0084,1,1599,2025-10-21T11:00:00,pay_demo000429
712,ORD00427,P018,C0084,1,899,2025-10-21T11:00:00,pay_demo000429
713,ORD00428,P019,C0085,1,1299,2026-07-28T21:00:00,pay_demo000430
714,ORD00429,P005,C0085,1,1699,2025-12-22T10:00:00,pay_demo000431
715,ORD00430,P006,C0085,1,3999,2026-06-12T01:00:00,pay_demo000432
716,ORD00431,P004,C0085,1,1199,2026-09-10T01:00:00,pay_demo000433
717,ORD00431,P014,C0085,1,2499,2026-09-10T01:00:00,pay_demo000433
718,ORD00432,P007,C0085,1,1899,2026-08-07T09:00:00,pay_demo000434
719,ORD00432,P006,C0085,1,3999,2026-08-07T09:00:00,pay_demo000434
720,ORD00433,P021,C0085,1,1399,2026-04-17T09:00:00,pay_demo000435
721,ORD00433,P001,C0085,1,1499,2026-04-17T09:00:00,pay_demo000435
722,ORD00434,P026,C0085,1,449,2025-11-08T05:00:00,pay_demo000436
723,ORD00435,P006,C0085,2,7998,2026-07-30T09:00:00,pay_demo000437
724,ORD00435,P007,C0085,1,1899,2026-07-30T09:00:00,pay_demo000437
725,ORD00436,P004,C0085,1,1199,2026-02-12T02:00:00,pay_demo000438
726,ORD00437,P015,C0085,2,9998,2026-08-23T19:00:00,pay_demo000439
727,ORD00438,P004,C0085,2,2398,2026-08-24T20:00:00,pay_demo000440
728,ORD00438,P007,C0085,1,1899,2026-08-24T20:00:00,pay_demo000440
729,ORD00439,P007,C0085,2,3798,2026-04-06T00:00:00,pay_demo000441
730,ORD00440,P012,C0086,2,1298,2026-02-12T06:00:00,pay_demo000442
731,ORD00441,P012,C0086,1,649,2026-07-13T23:00:00,pay_demo000443
732,ORD00442,P010,C0087,2,2598,2026-01-16T00:00:00,pay_demo000444
733,ORD00442,P012,C0087,1,649,2026-01-16T00:00:00,pay_demo000444
734,ORD00443,P020,C0087,2,1998,2026-05-11T08:00:00,pay_demo000445
735,ORD00443,P013,C0087,1,299,2026-05-11T08:00:00,pay_demo000445
736,ORD00444,P011,C0087,1,349,2026-06-19T22:00:00,pay_demo000446
737,ORD00444,P011,C0087,2,698,2026-06-19T22:00:00,pay_demo000446
738,ORD00445,P016,C0088,1,1599,2026-06-11T09:00:00,pay_demo000447
739,ORD00445,P012,C0088,1,649,2026-06-11T09:00:00,pay_demo000447
740,ORD00446,P015,C0088,2,9998,2026-06-03T02:00:00,pay_demo000448
741,ORD00447,P008,C0088,1,799,2026-07-25T08:00:00,pay_demo000449
742,ORD00448,P001,C0089,2,2998,2026-02-09T00:00:00,pay_demo000450
743,ORD00448,P007,C0089,1,1899,2026-02-09T00:00:00,pay_demo000450
744,ORD00449,P006,C0090,1,3999,2026-07-14T23:00:00,pay_demo000451
745,ORD00449,P026,C0090,1,449,2026-07-14T23:00:00,pay_demo000451
746,ORD00450,P006,C0091,1,3999,2026-08-22T02:00:00,pay_demo000452
747,ORD00450,P007,C0091,1,1899,2026-08-22T02:00:00,pay_demo000452
748,ORD00451,P025,C0091,1,899,2026-09-10T19:00:00,pay_demo000453
749,ORD00451,P002,C0091,1,599,2026-09-10T19:00:00,pay_demo000453
750,ORD00452,P013,C0092,1,299,2026-07-15T09:00:00,pay_demo000454
751,ORD00453,P013,C0092,1,299,2026-02-26T02:00:00,pay_demo000455
752,ORD00453,P010,C0092,1,1299,2026-02-26T02:00:00,pay_demo000455
753,ORD00454,P008,C0092,1,799,2026-07-13T10:00:00,pay_demo000456
754,ORD00454,P011,C0092,1,349,2026-07-13T10:00:00,pay_demo000456
755,ORD00455,P016,C0093,1,1599,2026-03-25T09:00:00,pay_demo000457
756,ORD00455,P014,C0093,1,2499,2026-03-25T09:00:00,pay_demo000457
757,ORD00455,P018,C0093,1,899,2026-03-25T09:00:00,pay_demo000457
758,ORD00456,P019,C0093,2,2598,2026-03-10T06:00:00,pay_demo000458
759,ORD00457,P015,C0093,2,9998,2026-05-23T11:00:00,pay_demo000459
760,ORD00457,P016,C0093,1,1599,2026-05-23T11:00:00,pay_demo000459
761,ORD00458,P016,C0093,1,1599,2026-07-26T03:00:00,pay_demo000460
762,ORD00458,P019,C0093,1,1299,2026-07-26T03:00:00,pay_demo000460
763,ORD00459,P015,C0093,1,4999,2026-03-17T23:00:00,pay_demo000461
764,ORD00459,P001,C0093,1,1499,2026-03-17T23:00:00,pay_demo000461
765,ORD00459,P031,C0093,1,379,2026-03-17T23:00:00,pay_demo000461
766,ORD00460,P014,C0094,1,2499,2026-02-21T01:00:00,pay_demo000462
767,ORD00460,P014,C0094,1,2499,2026-02-21T01:00:00,pay_demo000462
768,ORD00461,P006,C0094,2,7998,2026-06-04T03:00:00,pay_demo000463
769,ORD00462,P030,C0094,1,1199,2026-02-12T17:00:00,pay_demo000464
770,ORD00463,P014,C0094,1,2499,2026-02-03T00:00:00,pay_demo000465
771,ORD00463,P011,C0094,1,349,2026-02-03T00:00:00,pay_demo000465
772,ORD00464,P031,C0094,1,379,2026-02-25T03:00:00,pay_demo000466
773,ORD00465,P016,C0094,1,1599,2026-05-29T08:00:00,pay_demo000467
774,ORD00466,P018,C0094,1,899,2026-06-30T19:00:00,pay_demo000468
775,ORD00466,P025,C0094,1,899,2026-06-30T19:00:00,pay_demo000468
776,ORD00467,P019,C0094,1,1299,2025-11-10T23:00:00,pay_demo000469
777,ORD00467,P016,C0094,1,1599,2025-11-10T23:00:00,pay_demo000469
778,ORD00467,P024,C0094,2,4598,2025-11-10T23:00:00,pay_demo000469
779,ORD00468,P019,C0094,2,2598,2026-03-15T10:00:00,pay_demo000470
780,ORD00468,P016,C0094,1,1599,2026-03-15T10:00:00,pay_demo000470
781,ORD00469,P015,C0094,1,4999,2025-12-12T02:00:00,pay_demo000471
782,ORD00469,P015,C0094,1,4999,2025-12-12T02:00:00,pay_demo000471
783,ORD00470,P015,C0094,2,9998,2026-01-08T20:00:00,pay_demo000472
784,ORD00471,P020,C0094,2,1998,2025-11-22T09:00:00,pay_demo000473
785,ORD00471,P015,C0094,1,4999,2025-11-22T09:00:00,pay_demo000473
786,ORD00472,P029,C0094,1,549,2026-02-17T19:00:00,pay_demo000474
787,ORD00472,P005,C0094,2,3398,2026-02-17T19:00:00,pay_demo000474
788,ORD00473,P019,C0094,1,1299,2025-12-14T07:00:00,pay_demo000475
789,ORD00474,P018,C0094,1,899,2026-03-13T05:00:00,pay_demo000476
790,ORD00475,P019,C0094,1,1299,2026-04-23T04:00:00,pay_demo000477
791,ORD00476,P003,C0094,2,5598,2026-02-22T01:00:00,pay_demo000478
792,ORD00476,P017,C0094,1,2199,2026-02-22T01:00:00,pay_demo000478
793,ORD00477,P016,C0095,1,1599,2026-01-31T01:00:00,pay_demo000479
794,ORD00478,P002,C0095,2,1198,2026-05-23T23:00:00,pay_demo000480
795,ORD00478,P016,C0095,1,1599,2026-05-23T23:00:00,pay_demo000480
796,ORD00479,P016,C0095,1,1599,2026-05-12T17:00:00,pay_demo000481
797,ORD00479,P022,C0095,1,749,2026-05-12T17:00:00,pay_demo000481
798,ORD00480,P017,C0095,2,4398,2026-05-16T03:00:00,pay_demo000482
799,ORD00481,P001,C0096,1,1499,2026-01-03T08:00:00,pay_demo000483
800,ORD00481,P023,C0096,1,549,2026-01-03T08:00:00,pay_demo000483
801,ORD00482,P024,C0096,1,2299,2025-11-22T19:00:00,pay_demo000484
802,ORD00482,P007,C0096,1,1899,2025-11-22T19:00:00,pay_demo000484
803,ORD00482,P024,C0096,1,2299,2025-11-22T19:00:00,pay_demo000484
804,ORD00483,P023,C0096,1,549,2026-04-02T06:00:00,pay_demo000485
805,ORD00484,P021,C0096,1,1399,2026-04-20T04:00:00,pay_demo000486
806,ORD00484,P025,C0096,1,899,2026-04-20T04:00:00,pay_demo000486
807,ORD00484,P022,C0096,2,1498,2026-04-20T04:00:00,pay_demo000486
808,ORD00485,P020,C0096,1,999,2026-07-11T04:00:00,pay_demo000487
809,ORD00485,P023,C0096,1,549,2026-07-11T04:00:00,pay_demo000487
810,ORD00486,P022,C0096,2,1498,2026-02-28T08:00:00,pay_demo000488
811,ORD00486,P023,C0096,1,549,2026-02-28T08:00:00,pay_demo000488
812,ORD00487,P002,C0097,1,599,2026-05-29T18:00:00,pay_demo000489
813,ORD00488,P029,C0097,1,549,2026-01-03T20:00:00,pay_demo000490
814,ORD00489,P028,C0097,1,299,2025-12-29T00:00:00,pay_demo000491
815,ORD00490,P026,C0097,1,449,2026-05-11T17:00:00,pay_demo000492
816,ORD00491,P030,C0097,1,1199,2026-03-23T07:00:00,pay_demo000493
817,ORD00491,P005,C0097,1,1699,2026-03-23T07:00:00,pay_demo000493
818,ORD00492,P019,C0097,1,1299,2026-09-09T10:00:00,pay_demo000494
819,ORD00492,P026,C0097,2,898,2026-09-09T10:00:00,pay_demo000494
820,ORD00493,P026,C0097,2,898,2025-12-27T20:00:00,pay_demo000495
821,ORD00493,P031,C0097,1,379,2025-12-27T20:00:00,pay_demo000495
822,ORD00494,P018,C0097,1,899,2025-12-11T00:00:00,pay_demo000496
823,ORD00494,P029,C0097,1,549,2025-12-11T00:00:00,pay_demo000496
824,ORD00494,P031,C0097,1,379,2025-12-11T00:00:00,pay_demo000496
825,ORD00495,P029,C0097,1,549,2026-02-21T20:00:00,pay_demo000497
826,ORD00496,P026,C0097,1,449,2026-06-15T11:00:00,pay_demo000498
827,ORD00497,P016,C0098,1,1599,2026-07-26T01:00:00,pay_demo000499
828,ORD00498,P018,C0098,1,899,2026-03-25T23:00:00,pay_demo000500
829,ORD00498,P016,C0098,1,1599,2026-03-25T23:00:00,pay_demo000500
830,ORD00498,P019,C0098,1,1299,2026-03-25T23:00:00,pay_demo000500
831,ORD00499,P014,C0098,1,2499,2026-06-10T17:00:00,pay_demo000501
832,ORD00499,P015,C0098,1,4999,2026-06-10T17:00:00,pay_demo000501
833,ORD00500,P028,C0099,1,299,2026-08-23T16:00:00,pay_demo000502
834,ORD00500,P030,C0099,2,2398,2026-08-23T16:00:00,pay_demo000502
835,ORD00501,P002,C0100,1,599,2026-08-08T02:00:00,pay_demo000503
836,ORD00502,P018,C0100,1,899,2026-04-13T19:00:00,pay_demo000504
837,ORD00502,P023,C0100,1,549,2026-04-13T19:00:00,pay_demo000504
838,ORD00502,P012,C0100,1,649,2026-04-13T19:00:00,pay_demo000504
839,ORD00503,P007,C0100,1,1899,2026-06-17T10:00:00,pay_demo000505
840,ORD00503,P015,C0100,1,4999,2026-06-17T10:00:00,pay_demo000505
841,ORD00503,P012,C0100,1,649,2026-06-17T10:00:00,pay_demo000505
842,ORD00504,P020,C0100,1,999,2026-04-13T04:00:00,pay_demo000506
843,ORD00505,P031,C0101,1,379,2025-12-24T12:00:00,pay_demo000507
844,ORD00505,P029,C0101,2,1098,2025-12-24T12:00:00,pay_demo000507
845,ORD00506,P031,C0101,1,379,2026-02-20T03:00:00,pay_demo000508
846,ORD00506,P029,C0101,1,549,2026-02-20T03:00:00,pay_demo000508
847,ORD00506,P026,C0101,1,449,2026-02-20T03:00:00,pay_demo000508
848,ORD00507,P027,C0101,1,399,2026-01-08T09:00:00,pay_demo000509
849,ORD00508,P030,C0101,1,1199,2025-12-15T02:00:00,pay_demo000510
850,ORD00509,P031,C0101,2,758,2025-12-29T09:00:00,pay_demo000511
851,ORD00509,P027,C0101,1,399,2025-12-29T09:00:00,pay_demo000511
852,ORD00510,P028,C0101,1,299,2026-04-30T03:00:00,pay_demo000512
853,ORD00510,P028,C0101,1,299,2026-04-30T03:00:00,pay_demo000512
854,ORD00510,P028,C0101,1,299,2026-04-30T03:00:00,pay_demo000512
855,ORD00511,P012,C0102,1,649,2026-07-19T17:00:00,pay_demo000513
856,ORD00511,P007,C0102,1,1899,2026-07-19T17:00:00,pay_demo000513
857,ORD00511,P001,C0102,1,1499,2026-07-19T17:00:00,pay_demo000513
858,ORD00512,P012,C0103,1,649,2026-05-22T00:00:00,pay_demo000514
859,ORD00513,P015,C0104,1,4999,2026-08-29T04:00:00,pay_demo000515
860,ORD00513,P012,C0104,1,649,2026-08-29T04:00:00,pay_demo000515
861,ORD00514,P008,C0104,1,799,2025-12-05T04:00:00,pay_demo000516
862,ORD00514,P013,C0104,2,598,2025-12-05T04:00:00,pay_demo000516
863,ORD00515,P031,C0104,1,379,2026-01-26T04:00:00,pay_demo000517
864,ORD00515,P009,C0104,1,499,2026-01-26T04:00:00,pay_demo000517
865,ORD00516,P012,C0104,2,1298,2025-11-18T00:00:00,pay_demo000518
866,ORD00516,P001,C0104,1,1499,2025-11-18T00:00:00,pay_demo000518
867,ORD00517,P008,C0104,2,1598,2026-04-08T03:00:00,pay_demo000519
868,ORD00517,P013,C0104,1,299,2026-04-08T03:00:00,pay_demo000519
869,ORD00518,P031,C0104,1,379,2026-02-23T07:00:00,pay_demo000520
870,ORD00519,P022,C0104,1,749,2026-04-09T02:00:00,pay_demo000521
871,ORD00519,P011,C0104,2,698,2026-04-09T02:00:00,pay_demo000521
872,ORD00520,P013,C0104,2,598,2026-03-20T17:00:00,pay_demo000522
873,ORD00521,P003,C0104,1,2799,2026-03-28T17:00:00,pay_demo000523
874,ORD00521,P012,C0104,1,649,2026-03-28T17:00:00,pay_demo000523
875,ORD00522,P013,C0104,1,299,2026-01-03T18:00:00,pay_demo000524
876,ORD00523,P008,C0104,1,799,2026-01-15T03:00:00,pay_demo000525
877,ORD00523,P006,C0104,1,3999,2026-01-15T03:00:00,pay_demo000525
878,ORD00524,P013,C0104,1,299,2026-08-25T22:00:00,pay_demo000526
879,ORD00525,P009,C0104,1,499,2026-02-08T02:00:00,pay_demo000527
880,ORD00525,P011,C0104,1,349,2026-02-08T02:00:00,pay_demo000527
881,ORD00526,P008,C0104,1,799,2026-04-29T10:00:00,pay_demo000528
882,ORD00527,P008,C0104,2,1598,2026-04-08T00:00:00,pay_demo000529
883,ORD00528,P008,C0104,1,799,2026-03-27T08:00:00,pay_demo000530
884,ORD00528,P008,C0104,1,799,2026-03-27T08:00:00,pay_demo000530
885,ORD00529,P012,C0104,2,1298,2026-01-04T23:00:00,pay_demo000531
886,ORD00529,P014,C0104,2,4998,2026-01-04T23:00:00,pay_demo000531
887,ORD00529,P012,C0104,1,649,2026-01-04T23:00:00,pay_demo000531
888,ORD00530,P023,C0105,2,1098,2025-11-05T05:00:00,pay_demo000532
889,ORD00530,P024,C0105,1,2299,2025-11-05T05:00:00,pay_demo000532
890,ORD00531,P007,C0105,1,1899,2026-05-11T22:00:00,pay_demo000533
891,ORD00532,P030,C0105,2,2398,2026-02-08T05:00:00,pay_demo000534
892,ORD00533,P025,C0105,1,899,2026-03-03T05:00:00,pay_demo000535
893,ORD00533,P023,C0105,2,1098,2026-03-03T05:00:00,pay_demo000535
894,ORD00534,P021,C0105,2,2798,2025-12-20T08:00:00,pay_demo000536
895,ORD00535,P021,C0105,1,1399,2026-02-14T04:00:00,pay_demo000537
896,ORD00536,P019,C0106,1,1299,2026-09-14T01:00:00,pay_demo000538
897,ORD00536,P015,C0106,1,4999,2026-09-14T01:00:00,pay_demo000538
898,ORD00537,P014,C0107,1,2499,2026-01-13T02:00:00,pay_demo000539
899,ORD00538,P017,C0108,2,4398,2026-02-12T01:00:00,pay_demo000540
900,ORD00539,P027,C0108,2,798,2026-01-02T21:00:00,pay_demo000541
901,ORD00539,P030,C0108,1,1199,2026-01-02T21:00:00,pay_demo000541
902,ORD00540,P028,C0108,1,299,2026-04-02T19:00:00,pay_demo000542
903,ORD00540,P031,C0108,1,379,2026-04-02T19:00:00,pay_demo000542
904,ORD00541,P026,C0108,2,898,2026-06-01T01:00:00,pay_demo000543
905,ORD00541,P027,C0108,1,399,2026-06-01T01:00:00,pay_demo000543
906,ORD00542,P031,C0108,1,379,2026-08-19T22:00:00,pay_demo000544
907,ORD00543,P027,C0108,2,798,2026-09-21T05:00:00,pay_demo000545
908,ORD00544,P030,C0108,1,1199,2026-03-14T19:00:00,pay_demo000546
909,ORD00545,P031,C0108,1,379,2025-11-28T19:00:00,pay_demo000547
910,ORD00546,P029,C0108,1,549,2026-06-12T18:00:00,pay_demo000548
911,ORD00547,P031,C0108,2,758,2026-04-30T12:00:00,pay_demo000549
912,ORD00547,P031,C0108,2,758,2026-04-30T12:00:00,pay_demo000549
913,ORD00548,P015,C0108,2,9998,2025-11-28T08:00:00,pay_demo000550
914,ORD00549,P021,C0108,2,2798,2026-08-26T18:00:00,pay_demo000551
915,ORD00550,P030,C0108,1,1199,2026-06-16T12:00:00,pay_demo000552
916,ORD00550,P028,C0108,1,299,2026-06-16T12:00:00,pay_demo000552
917,ORD00550,P009,C0108,1,499,2026-06-16T12:00:00,pay_demo000552
918,ORD00551,P023,C0108,2,1098,2026-09-05T12:00:00,pay_demo000553
919,ORD00551,P023,C0108,2,1098,2026-09-05T12:00:00,pay_demo000553
920,ORD00551,P024,C0108,1,2299,2026-09-05T12:00:00,pay_demo000553
921,ORD00552,P028,C0108,1,299,2026-01-29T02:00:00,pay_demo000554
922,ORD00552,P003,C0108,2,5598,2026-01-29T02:00:00,pay_demo000554
923,ORD00552,P027,C0108,2,798,2026-01-29T02:00:00,pay_demo000554
924,ORD00553,P027,C0108,1,399,2025-11-18T17:00:00,pay_demo000555
925,ORD00554,P026,C0108,2,898,2026-07-27T07:00:00,pay_demo000556
926,ORD00554,P028,C0108,1,299,2026-07-27T07:00:00,pay_demo000556
927,ORD00555,P016,C0109,1,1599,2026-06-02T02:00:00,pay_demo000558
928,ORD00555,P015,C0109,1,4999,2026-06-02T02:00:00,pay_demo000558
929,ORD00556,P027,C0109,1,399,2026-04-15T10:00:00,pay_demo000559
930,ORD00556,P025,C0109,1,899,2026-04-15T10:00:00,pay_demo000559
931,ORD00557,P018,C0109,1,899,2026-05-27T20:00:00,pay_demo000560
932,ORD00557,P015,C0109,1,4999,2026-05-27T20:00:00,pay_demo000560
933,ORD00557,P018,C0109,1,899,2026-05-27T20:00:00,pay_demo000560
934,ORD00558,P016,C0109,1,1599,2026-05-05T19:00:00,pay_demo000561
935,ORD00558,P025,C0109,1,899,2026-05-05T19:00:00,pay_demo000561
936,ORD00559,P023,C0109,1,549,2026-06-20T09:00:00,pay_demo000562
937,ORD00559,P014,C0109,1,2499,2026-06-20T09:00:00,pay_demo000562
938,ORD00559,P018,C0109,1,899,2026-06-20T09:00:00,pay_demo000562
939,ORD00560,P019,C0109,2,2598,2026-04-12T22:00:00,pay_demo000563
940,ORD00560,P009,C0109,1,499,2026-04-12T22:00:00,pay_demo000563
941,ORD00561,P019,C0109,1,1299,2026-05-29T21:00:00,pay_demo000564
942,ORD00561,P016,C0109,1,1599,2026-05-29T21:00:00,pay_demo000564
943,ORD00562,P019,C0109,1,1299,2026-09-02T20:00:00,pay_demo000565
944,ORD00562,P011,C0109,1,349,2026-09-02T20:00:00,pay_demo000565
945,ORD00563,P018,C0109,1,899,2026-07-04T17:00:00,pay_demo000566
946,ORD00564,P031,C0110,1,379,2026-06-01T20:00:00,pay_demo000568
947,ORD00565,P015,C0111,2,9998,2026-04-04T03:00:00,pay_demo000569
948,ORD00566,P002,C0111,1,599,2026-05-04T11:00:00,pay_demo000570
949,ORD00566,P018,C0111,1,899,2026-05-04T11:00:00,pay_demo000570
950,ORD00566,P027,C0111,1,399,2026-05-04T11:00:00,pay_demo000570
951,ORD00567,P019,C0111,1,1299,2025-11-02T20:00:00,pay_demo000571
952,ORD00568,P003,C0111,1,2799,2025-12-08T01:00:00,pay_demo000572
953,ORD00569,P014,C0111,1,2499,2025-12-31T02:00:00,pay_demo000573
954,ORD00570,P003,C0112,1,2799,2026-02-12T18:00:00,pay_demo000574
955,ORD00571,P003,C0112,2,5598,2026-03-28T00:00:00,pay_demo000575
956,ORD00572,P001,C0112,1,1499,2025-12-07T03:00:00,pay_demo000576
957,ORD00572,P024,C0112,1,2299,2025-12-07T03:00:00,pay_demo000576
958,ORD00572,P005,C0112,1,1699,2025-12-07T03:00:00,pay_demo000576
959,ORD00573,P004,C0112,1,1199,2025-12-22T08:00:00,pay_demo000577
960,ORD00574,P001,C0112,1,1499,2026-03-27T21:00:00,pay_demo000578
961,ORD00575,P001,C0112,1,1499,2026-04-30T23:00:00,pay_demo000579
962,ORD00576,P007,C0112,1,1899,2026-01-29T23:00:00,pay_demo000580
963,ORD00576,P002,C0112,1,599,2026-01-29T23:00:00,pay_demo000580
964,ORD00577,P003,C0113,1,2799,2026-04-03T16:00:00,pay_demo000581
965,ORD00577,P018,C0113,1,899,2026-04-03T16:00:00,pay_demo000581
966,ORD00577,P017,C0113,1,2199,2026-04-03T16:00:00,pay_demo000581
967,ORD00578,P019,C0113,1,1299,2025-12-04T06:00:00,pay_demo000582
968,ORD00579,P014,C0113,1,2499,2026-03-29T10:00:00,pay_demo000583
969,ORD00580,P023,C0114,1,549,2026-09-06T02:00:00,pay_demo000584
970,ORD00580,P021,C0114,1,1399,2026-09-06T02:00:00,pay_demo000584
971,ORD00581,P005,C0115,1,1699,2025-11-30T07:00:00,pay_demo000585
972,ORD00581,P010,C0115,2,2598,2025-11-30T07:00:00,pay_demo000585
973,ORD00582,P009,C0116,1,499,2026-01-28T10:00:00,pay_demo000586
974,ORD00582,P002,C0116,1,599,2026-01-28T10:00:00,pay_demo000586
975,ORD00582,P001,C0116,2,2998,2026-01-28T10:00:00,pay_demo000586
976,ORD00583,P007,C0116,1,1899,2026-07-27T18:00:00,pay_demo000587
977,ORD00584,P008,C0116,1,799,2026-06-27T03:00:00,pay_demo000588
978,ORD00584,P001,C0116,1,1499,2026-06-27T03:00:00,pay_demo000588
979,ORD00585,P003,C0116,1,2799,2025-12-31T21:00:00,pay_demo000589
980,ORD00586,P001,C0116,1,1499,2026-01-29T01:00:00,pay_demo000590
981,ORD00586,P003,C0116,1,2799,2026-01-29T01:00:00,pay_demo000590
982,ORD00587,P010,C0116,1,1299,2026-09-20T06:00:00,pay_demo000591
983,ORD00587,P002,C0116,1,599,2026-09-20T06:00:00,pay_demo000591
984,ORD00588,P002,C0116,2,1198,2026-05-22T21:00:00,pay_demo000592
985,ORD00589,P001,C0116,1,1499,2026-02-03T20:00:00,pay_demo000593
986,ORD00590,P029,C0117,2,1098,2026-03-25T06:00:00,pay_demo000594
987,ORD00590,P020,C0117,1,999,2026-03-25T06:00:00,pay_demo000594
988,ORD00590,P017,C0117,2,4398,2026-03-25T06:00:00,pay_demo000594
989,ORD00591,P018,C0117,2,1798,2025-12-05T05:00:00,pay_demo000595
990,ORD00591,P018,C0117,1,899,2025-12-05T05:00:00,pay_demo000595
991,ORD00592,P014,C0117,1,2499,2026-02-15T17:00:00,pay_demo000596
992,ORD00592,P018,C0117,1,899,2026-02-15T17:00:00,pay_demo000596
993,ORD00592,P021,C0117,2,2798,2026-02-15T17:00:00,pay_demo000596
994,ORD00593,P015,C0117,1,4999,2025-12-05T17:00:00,pay_demo000597
995,ORD00593,P012,C0117,1,649,2025-12-05T17:00:00,pay_demo000597
996,ORD00593,P018,C0117,1,899,2025-12-05T17:00:00,pay_demo000597
997,ORD00594,P019,C0117,1,1299,2026-09-08T03:00:00,pay_demo000598
998,ORD00595,P011,C0118,1,349,2026-05-16T06:00:00,pay_demo000599
999,ORD00595,P022,C0118,2,1498,2026-05-16T06:00:00,pay_demo000599
1000,ORD00596,P009,C0118,1,499,2026-01-25T00:00:00,pay_demo000600
1001,ORD00596,P023,C0118,1,549,2026-01-25T00:00:00,pay_demo000600
1002,ORD00597,P005,C0118,1,1699,2025-12-16T18:00:00,pay_demo000601
1003,ORD00598,P026,C0118,1,449,2026-03-16T10:00:00,pay_demo000602
1004,ORD00599,P016,C0118,2,3198,2026-01-02T20:00:00,pay_demo000603
1005,ORD00600,P022,C0118,2,1498,2026-01-16T00:00:00,pay_demo000604
1006,ORD00600,P025,C0118,2,1798,2026-01-16T00:00:00,pay_demo000604
1007,ORD00600,P019,C0118,1,1299,2026-01-16T00:00:00,pay_demo000604
1008,ORD00601,P011,C0119,1,349,2026-06-19T02:00:00,pay_demo000605
1009,ORD00601,P011,C0119,2,698,2026-06-19T02:00:00,pay_demo000605
1010,ORD00601,P013,C0119,1,299,2026-06-19T02:00:00,pay_demo000605
1011,ORD00602,P010,C0119,1,1299,2026-06-07T07:00:00,pay_demo000606
1012,ORD00602,P008,C0119,2,1598,2026-06-07T07:00:00,pay_demo000606
1013,ORD00602,P008,C0119,1,799,2026-06-07T07:00:00,pay_demo000606
1014,ORD00603,P012,C0119,1,649,2026-07-09T02:00:00,pay_demo000607
1015,ORD00604,P011,C0119,2,698,2026-05-05T06:00:00,pay_demo000608
1016,ORD00605,P027,C0120,2,798,2026-02-17T21:00:00,pay_demo000609
1017,ORD00605,P028,C0120,1,299,2026-02-17T21:00:00,pay_demo000609
1018,ORD00606,P030,C0120,1,1199,2026-01-22T18:00:00,pay_demo000610
1019,ORD00606,P026,C0120,2,898,2026-01-22T18:00:00,pay_demo000610
1020,ORD00607,P013,C0120,1,299,2026-04-12T06:00:00,pay_demo000611
1021,ORD00608,P030,C0120,2,2398,2026-01-21T10:00:00,pay_demo000612
1022,ORD00609,P028,C0120,1,299,2026-04-02T17:00:00,pay_demo000613
1023,ORD00609,P026,C0120,1,449,2026-04-02T17:00:00,pay_demo000613
1024,ORD00610,P017,C0120,2,4398,2026-01-23T00:00:00,pay_demo000614
1025,ORD00610,P026,C0120,1,449,2026-01-23T00:00:00,pay_demo000614
1026,ORD00611,P021,C0121,1,1399,2026-04-11T09:00:00,pay_demo000615
1027,ORD00611,P008,C0121,1,799,2026-04-11T09:00:00,pay_demo000615
1028,ORD00612,P010,C0122,1,1299,2026-06-26T22:00:00,pay_demo000616
1029,ORD00613,P011,C0122,1,349,2026-06-01T23:00:00,pay_demo000617
1030,ORD00613,P012,C0122,1,649,2026-06-01T23:00:00,pay_demo000617
1031,ORD00614,P012,C0123,1,649,2026-09-07T22:00:00,pay_demo000618
1032,ORD00614,P020,C0123,1,999,2026-09-07T22:00:00,pay_demo000618
1033,ORD00615,P025,C0124,1,899,2026-05-17T03:00:00,pay_demo000619
1034,ORD00615,P006,C0124,1,3999,2026-05-17T03:00:00,pay_demo000619
1035,ORD00616,P001,C0124,1,1499,2026-03-28T07:00:00,pay_demo000620
1036,ORD00616,P001,C0124,1,1499,2026-03-28T07:00:00,pay_demo000620
1037,ORD00616,P001,C0124,1,1499,2026-03-28T07:00:00,pay_demo000620
1038,ORD00617,P003,C0124,1,2799,2026-09-01T16:00:00,pay_demo000621
1039,ORD00618,P007,C0124,1,1899,2026-06-24T22:00:00,pay_demo000622
1040,ORD00619,P008,C0125,2,1598,2026-05-08T10:00:00,pay_demo000623
1041,ORD00620,P019,C0125,2,2598,2026-07-14T04:00:00,pay_demo000624
1042,ORD00621,P022,C0125,1,749,2026-09-12T12:00:00,pay_demo000625
1043,ORD00621,P025,C0125,1,899,2026-09-12T12:00:00,pay_demo000625
1044,ORD00621,P020,C0125,1,999,2026-09-12T12:00:00,pay_demo000625
1045,ORD00622,P007,C0125,1,1899,2026-01-01T19:00:00,pay_demo000626
1046,ORD00623,P024,C0125,1,2299,2026-04-04T19:00:00,pay_demo000627
1047,ORD00624,P024,C0125,1,2299,2026-04-26T10:00:00,pay_demo000628
1048,ORD00624,P024,C0125,1,2299,2026-04-26T10:00:00,pay_demo000628
1049,ORD00624,P020,C0125,1,999,2026-04-26T10:00:00,pay_demo000628
1050,ORD00625,P021,C0125,1,1399,2026-06-15T22:00:00,pay_demo000629
1051,ORD00626,P016,C0125,1,1599,2026-08-08T02:00:00,pay_demo000630
1052,ORD00626,P015,C0125,1,4999,2026-08-08T02:00:00,pay_demo000630
1053,ORD00626,P024,C0125,1,2299,2026-08-08T02:00:00,pay_demo000630
1054,ORD00627,P030,C0126,1,1199,2026-01-09T10:00:00,pay_demo000631
1055,ORD00628,P018,C0127,2,1798,2026-07-01T02:00:00,pay_demo000632
1056,ORD00629,P017,C0127,1,2199,2026-07-26T08:00:00,pay_demo000633
1057,ORD00630,P029,C0128,1,549,2026-07-15T01:00:00,pay_demo000634
1058,ORD00631,P022,C0128,1,749,2025-12-28T07:00:00,pay_demo000635
1059,ORD00632,P017,C0128,1,2199,2026-03-10T04:00:00,pay_demo000636
1060,ORD00632,P023,C0128,2,1098,2026-03-10T04:00:00,pay_demo000636
1061,ORD00632,P022,C0128,1,749,2026-03-10T04:00:00,pay_demo000636
1062,ORD00633,P016,C0128,1,1599,2026-01-16T23:00:00,pay_demo000637
1063,ORD00633,P023,C0128,2,1098,2026-01-16T23:00:00,pay_demo000637
1064,ORD00634,P021,C0128,2,2798,2026-01-12T18:00:00,pay_demo000638
1065,ORD00634,P020,C0128,1,999,2026-01-12T18:00:00,pay_demo000638
1066,ORD00635,P009,C0129,1,499,2026-08-13T12:00:00,pay_demo000639
1067,ORD00636,P013,C0129,1,299,2026-07-22T00:00:00,pay_demo000640
1068,ORD00637,P009,C0129,1,499,2026-01-19T19:00:00,pay_demo000641
1069,ORD00637,P008,C0129,1,799,2026-01-19T19:00:00,pay_demo000641
1070,ORD00638,P009,C0129,1,499,2026-09-19T06:00:00,pay_demo000642
1071,ORD00638,P025,C0129,1,899,2026-09-19T06:00:00,pay_demo000642
1072,ORD00638,P012,C0129,1,649,2026-09-19T06:00:00,pay_demo000642
1073,ORD00639,P011,C0129,1,349,2026-09-11T18:00:00,pay_demo000643
1074,ORD00640,P013,C0129,1,299,2026-06-06T01:00:00,pay_demo000644
1075,ORD00640,P011,C0129,1,349,2026-06-06T01:00:00,pay_demo000644
1076,ORD00641,P008,C0129,2,1598,2026-01-11T07:00:00,pay_demo000645
1077,ORD00642,P006,C0130,2,7998,2026-06-29T12:00:00,pay_demo000646
1078,ORD00642,P003,C0130,1,2799,2026-06-29T12:00:00,pay_demo000646
1079,ORD00643,P006,C0130,1,3999,2026-03-05T19:00:00,pay_demo000647
1080,ORD00643,P004,C0130,1,1199,2026-03-05T19:00:00,pay_demo000647
1081,ORD00643,P019,C0130,1,1299,2026-03-05T19:00:00,pay_demo000647
1082,ORD00644,P005,C0130,1,1699,2026-01-13T05:00:00,pay_demo000648
1083,ORD00644,P001,C0130,1,1499,2026-01-13T05:00:00,pay_demo000648
1084,ORD00644,P007,C0130,1,1899,2026-01-13T05:00:00,pay_demo000648
1085,ORD00645,P012,C0130,1,649,2026-07-01T02:00:00,pay_demo000649
1086,ORD00645,P006,C0130,1,3999,2026-07-01T02:00:00,pay_demo000649
1087,ORD00646,P005,C0130,2,3398,2026-05-01T18:00:00,pay_demo000650
1088,ORD00646,P006,C0130,1,3999,2026-05-01T18:00:00,pay_demo000650
1089,ORD00647,P003,C0130,1,2799,2026-08-01T11:00:00,pay_demo000651
1090,ORD00647,P003,C0130,1,2799,2026-08-01T11:00:00,pay_demo000651
1091,ORD00647,P002,C0130,1,599,2026-08-01T11:00:00,pay_demo000651
1092,ORD00648,P016,C0131,1,1599,2026-03-06T22:00:00,pay_demo000652
1093,ORD00648,P006,C0131,1,3999,2026-03-06T22:00:00,pay_demo000652
1094,ORD00648,P010,C0131,2,2598,2026-03-06T22:00:00,pay_demo000652
1095,ORD00649,P022,C0132,1,749,2026-05-10T20:00:00,pay_demo000653
1096,ORD00650,P008,C0132,1,799,2025-12-26T09:00:00,pay_demo000654
1097,ORD00650,P018,C0132,1,899,2025-12-26T09:00:00,pay_demo000654
1098,ORD00651,P022,C0132,2,1498,2026-03-10T04:00:00,pay_demo000655
1099,ORD00651,P022,C0132,1,749,2026-03-10T04:00:00,pay_demo000655
1100,ORD00652,P005,C0132,2,3398,2026-04-23T12:00:00,pay_demo000656
1101,ORD00653,P010,C0132,1,1299,2025-12-21T12:00:00,pay_demo000657
1102,ORD00654,P025,C0132,1,899,2026-03-09T23:00:00,pay_demo000658
1103,ORD00654,P029,C0132,2,1098,2026-03-09T23:00:00,pay_demo000658
1104,ORD00655,P014,C0132,1,2499,2025-12-02T02:00:00,pay_demo000659
1105,ORD00655,P030,C0132,1,1199,2025-12-02T02:00:00,pay_demo000659
1106,ORD00656,P010,C0132,1,1299,2026-02-05T07:00:00,pay_demo000660
1107,ORD00656,P020,C0132,1,999,2026-02-05T07:00:00,pay_demo000660
1108,ORD00657,P020,C0132,2,1998,2026-05-24T12:00:00,pay_demo000661
1109,ORD00657,P018,C0132,1,899,2026-05-24T12:00:00,pay_demo000661
1110,ORD00657,P010,C0132,1,1299,2026-05-24T12:00:00,pay_demo000661
1111,ORD00658,P029,C0133,1,549,2026-08-24T05:00:00,pay_demo000662
1112,ORD00658,P031,C0133,2,758,2026-08-24T05:00:00,pay_demo000662
1113,ORD00659,P011,C0134,1,349,2026-05-04T16:00:00,pay_demo000663
1114,ORD00659,P011,C0134,2,698,2026-05-04T16:00:00,pay_demo000663
1115,ORD00659,P027,C0134,1,399,2026-05-04T16:00:00,pay_demo000663
1116,ORD00660,P008,C0134,1,799,2026-07-17T10:00:00,pay_demo000664
1117,ORD00661,P008,C0134,2,1598,2026-06-22T22:00:00,pay_demo000665
1118,ORD00661,P003,C0134,1,2799,2026-06-22T22:00:00,pay_demo000665
1119,ORD00662,P007,C0135,1,1899,2025-11-07T18:00:00,pay_demo000666
1120,ORD00662,P002,C0135,2,1198,2025-11-07T18:00:00,pay_demo000666
1121,ORD00662,P001,C0135,1,1499,2025-11-07T18:00:00,pay_demo000666
1122,ORD00663,P005,C0135,1,1699,2026-01-03T20:00:00,pay_demo000667
1123,ORD00664,P020,C0135,2,1998,2025-11-05T11:00:00,pay_demo000668
1124,ORD00664,P006,C0135,1,3999,2025-11-05T11:00:00,pay_demo000668
1125,ORD00665,P005,C0136,1,1699,2026-08-19T22:00:00,pay_demo000669
1126,ORD00665,P005,C0136,2,3398,2026-08-19T22:00:00,pay_demo000669
1127,ORD00666,P005,C0136,1,1699,2026-04-23T06:00:00,pay_demo000670
1128,ORD00666,P003,C0136,1,2799,2026-04-23T06:00:00,pay_demo000670
1129,ORD00667,P018,C0137,1,899,2026-09-08T08:00:00,pay_demo000671
1130,ORD00668,P025,C0138,1,899,2026-02-18T07:00:00,pay_demo000672
1131,ORD00668,P024,C0138,1,2299,2026-02-18T07:00:00,pay_demo000672
1132,ORD00669,P003,C0138,1,2799,2026-01-21T16:00:00,pay_demo000673
1133,ORD00669,P031,C0138,1,379,2026-01-21T16:00:00,pay_demo000673
1134,ORD00669,P020,C0138,1,999,2026-01-21T16:00:00,pay_demo000673
1135,ORD00670,P013,C0138,1,299,2026-03-04T07:00:00,pay_demo000674
1136,ORD00671,P024,C0138,1,2299,2026-08-20T11:00:00,pay_demo000675
1137,ORD00671,P024,C0138,1,2299,2026-08-20T11:00:00,pay_demo000675
1138,ORD00672,P023,C0138,2,1098,2026-06-16T06:00:00,pay_demo000676
1139,ORD00672,P021,C0138,1,1399,2026-06-16T06:00:00,pay_demo000676
1140,ORD00672,P023,C0138,2,1098,2026-06-16T06:00:00,pay_demo000676
1141,ORD00673,P021,C0138,1,1399,2026-03-18T20:00:00,pay_demo000677
1142,ORD00674,P023,C0138,2,1098,2026-04-03T11:00:00,pay_demo000678
1143,ORD00675,P019,C0138,1,1299,2026-06-26T04:00:00,pay_demo000679
1144,ORD00675,P014,C0138,1,2499,2026-06-26T04:00:00,pay_demo000679
1145,ORD00676,P024,C0138,1,2299,2026-08-19T19:00:00,pay_demo000680
1146,ORD00676,P024,C0138,1,2299,2026-08-19T19:00:00,pay_demo000680
1147,ORD00677,P025,C0138,1,899,2026-07-12T20:00:00,pay_demo000681
1148,ORD00678,P003,C0139,1,2799,2026-06-25T23:00:00,pay_demo000682
1149,ORD00678,P001,C0139,1,1499,2026-06-25T23:00:00,pay_demo000682
1150,ORD00679,P001,C0139,1,1499,2025-12-18T09:00:00,pay_demo000683
1151,ORD00680,P012,C0139,1,649,2026-04-20T03:00:00,pay_demo000684
1152,ORD00681,P020,C0139,1,999,2026-03-14T20:00:00,pay_demo000685
1153,ORD00682,P002,C0139,1,599,2026-04-07T08:00:00,pay_demo000686
1154,ORD00683,P005,C0139,1,1699,2026-06-25T04:00:00,pay_demo000687
1155,ORD00684,P004,C0139,1,1199,2026-04-09T21:00:00,pay_demo000688
1156,ORD00685,P031,C0140,1,379,2026-06-21T04:00:00,pay_demo000689
1157,ORD00686,P023,C0141,1,549,2026-05-01T06:00:00,pay_demo000690
1158,ORD00686,P002,C0141,1,599,2026-05-01T06:00:00,pay_demo000690
1159,ORD00687,P021,C0141,1,1399,2026-05-23T04:00:00,pay_demo000691
1160,ORD00687,P020,C0141,1,999,2026-05-23T04:00:00,pay_demo000691
1161,ORD00688,P009,C0141,1,499,2026-01-13T17:00:00,pay_demo000692
1162,ORD00688,P020,C0141,1,999,2026-01-13T17:00:00,pay_demo000692
1163,ORD00689,P023,C0141,1,549,2025-12-13T23:00:00,pay_demo000693
1164,ORD00690,P025,C0141,2,1798,2026-02-10T23:00:00,pay_demo000694
1165,ORD00690,P023,C0141,1,549,2026-02-10T23:00:00,pay_demo000694
1166,ORD00690,P024,C0141,1,2299,2026-02-10T23:00:00,pay_demo000694
1167,ORD00691,P026,C0141,1,449,2026-06-22T17:00:00,pay_demo000695
1168,ORD00692,P008,C0141,1,799,2026-07-18T17:00:00,pay_demo000696
1169,ORD00693,P017,C0141,1,2199,2025-12-02T08:00:00,pay_demo000697
1170,ORD00693,P025,C0141,2,1798,2025-12-02T08:00:00,pay_demo000697
1171,ORD00694,P031,C0142,1,379,2026-09-10T10:00:00,pay_demo000698
1172,ORD00695,P029,C0143,1,549,2026-04-14T23:00:00,pay_demo000700
1173,ORD00696,P028,C0143,1,299,2026-05-17T22:00:00,pay_demo000701
1174,ORD00696,P009,C0143,2,998,2026-05-17T22:00:00,pay_demo000701
1175,ORD00697,P029,C0143,2,1098,2026-02-02T08:00:00,pay_demo000702
1176,ORD00698,P028,C0143,1,299,2026-01-31T09:00:00,pay_demo000703
1177,ORD00698,P004,C0143,1,1199,2026-01-31T09:00:00,pay_demo000703
1178,ORD00698,P026,C0143,1,449,2026-01-31T09:00:00,pay_demo000703
1179,ORD00699,P021,C0144,2,2798,2026-07-17T01:00:00,pay_demo000704
1180,ORD00700,P023,C0144,1,549,2026-03-03T18:00:00,pay_demo000705
1181,ORD00700,P021,C0144,1,1399,2026-03-03T18:00:00,pay_demo000705
1182,ORD00701,P015,C0145,1,4999,2026-08-19T17:00:00,pay_demo000706
1183,ORD00702,P016,C0145,1,1599,2026-01-07T00:00:00,pay_demo000707
1184,ORD00702,P020,C0145,1,999,2026-01-07T00:00:00,pay_demo000707
1185,ORD00703,P019,C0145,1,1299,2026-06-11T20:00:00,pay_demo000708
1186,ORD00703,P001,C0145,1,1499,2026-06-11T20:00:00,pay_demo000708
1187,ORD00704,P015,C0145,1,4999,2026-09-10T05:00:00,pay_demo000709
1188,ORD00704,P019,C0145,2,2598,2026-09-10T05:00:00,pay_demo000709
1189,ORD00704,P018,C0145,1,899,2026-09-10T05:00:00,pay_demo000709
1190,ORD00705,P016,C0145,1,1599,2025-12-08T07:00:00,pay_demo000710
1191,ORD00706,P017,C0145,1,2199,2026-09-23T19:00:00,pay_demo000711
1192,ORD00707,P019,C0145,1,1299,2026-02-22T02:00:00,pay_demo000712
1193,ORD00708,P014,C0145,1,2499,2026-08-03T05:00:00,pay_demo000713
1194,ORD00708,P018,C0145,1,899,2026-08-03T05:00:00,pay_demo000713
1195,ORD00708,P019,C0145,1,1299,2026-08-03T05:00:00,pay_demo000713
1196,ORD00709,P019,C0145,1,1299,2026-07-08T11:00:00,pay_demo000714
1197,ORD00710,P018,C0145,2,1798,2026-08-31T23:00:00,pay_demo000715
1198,ORD00711,P014,C0145,1,2499,2026-05-20T19:00:00,pay_demo000716
1199,ORD00711,P005,C0145,1,1699,2026-05-20T19:00:00,pay_demo000716
1200,ORD00712,P015,C0145,1,4999,2026-02-04T11:00:00,pay_demo000717
1201,ORD00712,P014,C0145,2,4998,2026-02-04T11:00:00,pay_demo000717
1202,ORD00713,P003,C0145,1,2799,2026-01-10T18:00:00,pay_demo000718
1203,ORD00713,P019,C0145,2,2598,2026-01-10T18:00:00,pay_demo000718
1204,ORD00714,P016,C0145,1,1599,2026-08-21T23:00:00,pay_demo000719
1205,ORD00715,P025,C0145,1,899,2026-09-21T12:00:00,pay_demo000720
1206,ORD00716,P018,C0145,2,1798,2025-11-19T23:00:00,pay_demo000721
1207,ORD00716,P014,C0145,1,2499,2025-11-19T23:00:00,pay_demo000721
1208,ORD00717,P006,C0145,1,3999,2026-04-18T05:00:00,pay_demo000722
1209,ORD00717,P017,C0145,1,2199,2026-04-18T05:00:00,pay_demo000722
1210,ORD00717,P017,C0145,1,2199,2026-04-18T05:00:00,pay_demo000722
1211,ORD00718,P010,C0145,1,1299,2026-08-14T16:00:00,pay_demo000723
1212,ORD00718,P017,C0145,2,4398,2026-08-14T16:00:00,pay_demo000723
1213,ORD00719,P016,C0145,1,1599,2026-08-03T00:00:00,pay_demo000724
1214,ORD00719,P014,C0145,1,2499,2026-08-03T00:00:00,pay_demo000724
1215,ORD00720,P015,C0145,1,4999,2026-02-07T09:00:00,pay_demo000725
1216,ORD00721,P018,C0145,2,1798,2026-04-30T05:00:00,pay_demo000726
1217,ORD00721,P016,C0145,1,1599,2026-04-30T05:00:00,pay_demo000726
1218,ORD00721,P026,C0145,1,449,2026-04-30T05:00:00,pay_demo000726
1219,ORD00722,P013,C0146,2,598,2025-12-26T01:00:00,pay_demo000727
1220,ORD00722,P008,C0146,1,799,2025-12-26T01:00:00,pay_demo000727
1221,ORD00722,P011,C0146,2,698,2025-12-26T01:00:00,pay_demo000727
1222,ORD00723,P009,C0146,1,499,2026-07-13T03:00:00,pay_demo000728
1223,ORD00724,P027,C0146,1,399,2026-05-06T05:00:00,pay_demo000729
1224,ORD00724,P010,C0146,1,1299,2026-05-06T05:00:00,pay_demo000729
1225,ORD00724,P030,C0146,1,1199,2026-05-06T05:00:00,pay_demo000729
1226,ORD00725,P027,C0146,1,399,2026-01-22T08:00:00,pay_demo000730
1227,ORD00726,P012,C0146,1,649,2026-06-25T08:00:00,pay_demo000731
1228,ORD00727,P008,C0147,1,799,2026-07-26T01:00:00,pay_demo000732
1229,ORD00728,P009,C0147,1,499,2026-08-20T01:00:00,pay_demo000733
1230,ORD00728,P013,C0147,1,299,2026-08-20T01:00:00,pay_demo000733
1231,ORD00729,P012,C0147,2,1298,2026-04-11T19:00:00,pay_demo000734
1232,ORD00730,P029,C0148,2,1098,2026-06-29T03:00:00,pay_demo000735
1233,ORD00731,P026,C0148,1,449,2026-06-15T01:00:00,pay_demo000736
1234,ORD00731,P029,C0148,1,549,2026-06-15T01:00:00,pay_demo000736
1235,ORD00732,P028,C0148,1,299,2026-06-06T10:00:00,pay_demo000737
1236,ORD00733,P030,C0148,2,2398,2026-05-24T19:00:00,pay_demo000738
1237,ORD00733,P029,C0148,1,549,2026-05-24T19:00:00,pay_demo000738
1238,ORD00734,P028,C0148,1,299,2026-06-24T12:00:00,pay_demo000739
1239,ORD00735,P010,C0148,1,1299,2026-08-06T23:00:00,pay_demo000740
1240,ORD00735,P030,C0148,1,1199,2026-08-06T23:00:00,pay_demo000740
1241,ORD00736,P028,C0148,1,299,2026-06-23T17:00:00,pay_demo000741
1242,ORD00737,P030,C0148,1,1199,2026-03-23T21:00:00,pay_demo000742
1243,ORD00737,P029,C0148,2,1098,2026-03-23T21:00:00,pay_demo000742
1244,ORD00738,P026,C0149,2,898,2026-04-17T17:00:00,pay_demo000743
1245,ORD00739,P026,C0149,1,449,2026-02-08T05:00:00,pay_demo000744
1246,ORD00739,P007,C0149,1,1899,2026-02-08T05:00:00,pay_demo000744
1247,ORD00740,P028,C0149,1,299,2026-02-24T06:00:00,pay_demo000745
1248,ORD00741,P027,C0149,1,399,2026-04-02T17:00:00,pay_demo000746
1249,ORD00742,P026,C0149,1,449,2026-02-09T02:00:00,pay_demo000747
1250,ORD00742,P028,C0149,1,299,2026-02-09T02:00:00,pay_demo000747
1251,ORD00742,P011,C0149,1,349,2026-02-09T02:00:00,pay_demo000747
1252,ORD00743,P020,C0149,1,999,2026-04-18T12:00:00,pay_demo000748
1253,ORD00744,P027,C0149,1,399,2026-07-08T10:00:00,pay_demo000749
1254,ORD00744,P025,C0149,2,1798,2026-07-08T10:00:00,pay_demo000749
1255,ORD00745,P030,C0149,1,1199,2026-05-26T10:00:00,pay_demo000750
1256,ORD00745,P026,C0149,1,449,2026-05-26T10:00:00,pay_demo000750
1257,ORD00745,P027,C0149,1,399,2026-05-26T10:00:00,pay_demo000750
1258,ORD00746,P005,C0150,1,1699,2025-12-11T23:00:00,pay_demo000751
1259,ORD00746,P005,C0150,1,1699,2025-12-11T23:00:00,pay_demo000751
1260,ORD00746,P002,C0150,2,1198,2025-12-11T23:00:00,pay_demo000751
1261,ORD00747,P007,C0150,1,1899,2026-02-16T20:00:00,pay_demo000752
1262,ORD00748,P017,C0150,1,2199,2025-11-24T10:00:00,pay_demo000753
1263,ORD00749,P005,C0151,1,1699,2025-12-09T20:00:00,pay_demo000754
1264,ORD00750,P006,C0151,1,3999,2026-05-31T17:00:00,pay_demo000755
1265,ORD00751,P005,C0151,2,3398,2025-12-29T12:00:00,pay_demo000756
1266,ORD00752,P029,C0152,1,549,2026-03-08T01:00:00,pay_demo000757
1267,ORD00752,P016,C0152,1,1599,2026-03-08T01:00:00,pay_demo000757
1268,ORD00752,P026,C0152,2,898,2026-03-08T01:00:00,pay_demo000757
1269,ORD00753,P014,C0153,1,2499,2026-03-16T17:00:00,pay_demo000758
1270,ORD00753,P008,C0153,2,1598,2026-03-16T17:00:00,pay_demo000758
1271,ORD00753,P010,C0153,2,2598,2026-03-16T17:00:00,pay_demo000758
1272,ORD00754,P031,C0154,2,758,2026-06-05T16:00:00,pay_demo000759
1273,ORD00755,P016,C0154,1,1599,2026-04-09T20:00:00,pay_demo000760
1274,ORD00756,P019,C0154,1,1299,2026-02-18T03:00:00,pay_demo000761
1275,ORD00756,P016,C0154,1,1599,2026-02-18T03:00:00,pay_demo000761
1276,ORD00756,P019,C0154,1,1299,2026-02-18T03:00:00,pay_demo000761
1277,ORD00757,P019,C0154,1,1299,2026-08-13T18:00:00,pay_demo000762
1278,ORD00757,P025,C0154,1,899,2026-08-13T18:00:00,pay_demo000762
1279,ORD00757,P029,C0154,2,1098,2026-08-13T18:00:00,pay_demo000762
1280,ORD00758,P027,C0154,1,399,2026-08-08T07:00:00,pay_demo000763
1281,ORD00759,P027,C0154,1,399,2025-12-13T03:00:00,pay_demo000764
1282,ORD00760,P006,C0154,1,3999,2026-05-05T00:00:00,pay_demo000765
1283,ORD00761,P022,C0155,2,1498,2026-08-01T11:00:00,pay_demo000766
1284,ORD00761,P014,C0155,1,2499,2026-08-01T11:00:00,pay_demo000766
1285,ORD00761,P017,C0155,1,2199,2026-08-01T11:00:00,pay_demo000766
1286,ORD00762,P016,C0155,2,3198,2026-01-05T21:00:00,pay_demo000767
1287,ORD00762,P017,C0155,2,4398,2026-01-05T21:00:00,pay_demo000767
1288,ORD00763,P020,C0155,1,999,2026-06-21T10:00:00,pay_demo000768
1289,ORD00763,P017,C0155,1,2199,2026-06-21T10:00:00,pay_demo000768
1290,ORD00763,P017,C0155,1,2199,2026-06-21T10:00:00,pay_demo000768
1291,ORD00764,P018,C0155,2,1798,2026-04-03T18:00:00,pay_demo000769
1292,ORD00764,P026,C0155,1,449,2026-04-03T18:00:00,pay_demo000769
1293,ORD00764,P024,C0155,1,2299,2026-04-03T18:00:00,pay_demo000769
1294,ORD00765,P017,C0155,1,2199,2026-08-07T03:00:00,pay_demo000770
1295,ORD00766,P027,C0155,1,399,2026-06-01T09:00:00,pay_demo000771
1296,ORD00766,P016,C0155,2,3198,2026-06-01T09:00:00,pay_demo000771
1297,ORD00767,P015,C0155,1,4999,2026-03-10T07:00:00,pay_demo000772
1298,ORD00767,P028,C0155,1,299,2026-03-10T07:00:00,pay_demo000772
1299,ORD00768,P003,C0156,1,2799,2026-06-14T07:00:00,pay_demo000773
1300,ORD00769,P006,C0156,1,3999,2025-11-06T18:00:00,pay_demo000774
1301,ORD00770,P007,C0156,1,1899,2025-11-19T23:00:00,pay_demo000775
1302,ORD00770,P004,C0156,2,2398,2025-11-19T23:00:00,pay_demo000775
1303,ORD00771,P002,C0156,1,599,2026-04-11T11:00:00,pay_demo000776
1304,ORD00771,P006,C0156,1,3999,2026-04-11T11:00:00,pay_demo000776
1305,ORD00772,P010,C0156,1,1299,2026-03-24T09:00:00,pay_demo000777
1306,ORD00772,P002,C0156,1,599,2026-03-24T09:00:00,pay_demo000777
1307,ORD00773,P006,C0156,1,3999,2026-04-10T05:00:00,pay_demo000778
1308,ORD00773,P026,C0156,2,898,2026-04-10T05:00:00,pay_demo000778
1309,ORD00774,P006,C0156,2,7998,2025-11-11T21:00:00,pay_demo000779
1310,ORD00775,P007,C0156,1,1899,2026-02-24T19:00:00,pay_demo000780
1311,ORD00775,P001,C0156,2,2998,2026-02-24T19:00:00,pay_demo000780
1312,ORD00775,P004,C0156,1,1199,2026-02-24T19:00:00,pay_demo000780
1313,ORD00776,P012,C0156,1,649,2025-11-27T17:00:00,pay_demo000781
1314,ORD00776,P006,C0156,1,3999,2025-11-27T17:00:00,pay_demo000781
1315,ORD00777,P005,C0156,1,1699,2026-03-27T07:00:00,pay_demo000782
1316,ORD00777,P001,C0156,1,1499,2026-03-27T07:00:00,pay_demo000782
1317,ORD00778,P002,C0156,1,599,2025-12-26T19:00:00,pay_demo000783
1318,ORD00778,P001,C0156,2,2998,2025-12-26T19:00:00,pay_demo000783
1319,ORD00779,P002,C0156,1,599,2026-08-13T18:00:00,pay_demo000784
1320,ORD00779,P004,C0156,1,1199,2026-08-13T18:00:00,pay_demo000784
1321,ORD00779,P009,C0156,1,499,2026-08-13T18:00:00,pay_demo000784
1322,ORD00780,P003,C0156,1,2799,2026-04-20T07:00:00,pay_demo000785
1323,ORD00781,P006,C0156,2,7998,2025-11-26T08:00:00,pay_demo000786
1324,ORD00781,P004,C0156,1,1199,2025-11-26T08:00:00,pay_demo000786
1325,ORD00782,P004,C0156,1,1199,2026-03-13T03:00:00,pay_demo000787
1326,ORD00783,P004,C0156,1,1199,2026-01-03T18:00:00,pay_demo000788
1327,ORD00783,P002,C0156,1,599,2026-01-03T18:00:00,pay_demo000788
1328,ORD00784,P003,C0156,2,5598,2026-04-09T18:00:00,pay_demo000789
1329,ORD00785,P017,C0157,1,2199,2025-11-28T18:00:00,pay_demo000790
1330,ORD00785,P013,C0157,1,299,2025-11-28T18:00:00,pay_demo000790
1331,ORD00785,P019,C0157,1,1299,2025-11-28T18:00:00,pay_demo000790
1332,ORD00786,P010,C0158,1,1299,2026-03-18T11:00:00,pay_demo000791
1333,ORD00787,P010,C0158,1,1299,2026-08-21T06:00:00,pay_demo000792
1334,ORD00787,P008,C0158,2,1598,2026-08-21T06:00:00,pay_demo000792
1335,ORD00787,P011,C0158,1,349,2026-08-21T06:00:00,pay_demo000792
1336,ORD00788,P013,C0158,1,299,2026-03-29T18:00:00,pay_demo000793
1337,ORD00789,P019,C0158,2,2598,2026-02-02T21:00:00,pay_demo000794
1338,ORD00790,P013,C0158,1,299,2026-08-23T08:00:00,pay_demo000795
1339,ORD00791,P012,C0159,1,649,2026-07-02T16:00:00,pay_demo000796
1340,ORD00792,P011,C0159,1,349,2026-03-03T01:00:00,pay_demo000797
1341,ORD00793,P011,C0159,1,349,2026-02-13T19:00:00,pay_demo000798
1342,ORD00794,P010,C0159,2,2598,2026-04-03T19:00:00,pay_demo000799
1343,ORD00795,P012,C0159,1,649,2025-11-04T17:00:00,pay_demo000800
1344,ORD00795,P011,C0159,1,349,2025-11-04T17:00:00,pay_demo000800
1345,ORD00795,P019,C0159,2,2598,2025-11-04T17:00:00,pay_demo000800
1346,ORD00796,P010,C0159,1,1299,2025-11-17T21:00:00,pay_demo000801
1347,ORD00797,P022,C0160,1,749,2026-01-12T05:00:00,pay_demo000802
1348,ORD00797,P031,C0160,1,379,2026-01-12T05:00:00,pay_demo000802
1349,ORD00798,P012,C0161,1,649,2026-02-06T20:00:00,pay_demo000803
1350,ORD00798,P009,C0161,1,499,2026-02-06T20:00:00,pay_demo000803
1351,ORD00799,P008,C0161,2,1598,2025-11-29T11:00:00,pay_demo000804
1352,ORD00799,P012,C0161,1,649,2025-11-29T11:00:00,pay_demo000804
1353,ORD00800,P023,C0161,1,549,2026-07-01T22:00:00,pay_demo000805
1354,ORD00801,P013,C0161,1,299,2025-11-10T03:00:00,pay_demo000806
1355,ORD00801,P011,C0161,1,349,2025-11-10T03:00:00,pay_demo000806
1356,ORD00802,P015,C0162,2,9998,2026-07-04T02:00:00,pay_demo000807
1357,ORD00803,P016,C0162,2,3198,2025-12-16T00:00:00,pay_demo000808
1358,ORD00804,P018,C0162,1,899,2025-12-24T02:00:00,pay_demo000809
1359,ORD00804,P014,C0162,1,2499,2025-12-24T02:00:00,pay_demo000809
1360,ORD00805,P017,C0162,1,2199,2026-06-07T18:00:00,pay_demo000810
1361,ORD00806,P016,C0162,1,1599,2026-08-27T21:00:00,pay_demo000811
1362,ORD00807,P019,C0162,1,1299,2026-07-15T16:00:00,pay_demo000812
1363,ORD00807,P016,C0162,1,1599,2026-07-15T16:00:00,pay_demo000812
1364,ORD00808,P017,C0162,1,2199,2025-12-17T11:00:00,pay_demo000813
1365,ORD00809,P019,C0162,1,1299,2026-01-29T07:00:00,pay_demo000814
1366,ORD00809,P024,C0162,1,2299,2026-01-29T07:00:00,pay_demo000814
1367,ORD00810,P002,C0162,2,1198,2025-11-24T04:00:00,pay_demo000815
1368,ORD00811,P016,C0162,1,1599,2026-03-07T18:00:00,pay_demo000816
1369,ORD00811,P030,C0162,1,1199,2026-03-07T18:00:00,pay_demo000816
1370,ORD00812,P016,C0162,1,1599,2025-11-10T21:00:00,pay_demo000817
1371,ORD00812,P019,C0162,2,2598,2025-11-10T21:00:00,pay_demo000817
1372,ORD00812,P014,C0162,1,2499,2025-11-10T21:00:00,pay_demo000817
1373,ORD00813,P024,C0163,1,2299,2026-03-14T19:00:00,pay_demo000818
1374,ORD00813,P023,C0163,1,549,2026-03-14T19:00:00,pay_demo000818
1375,ORD00813,P023,C0163,1,549,2026-03-14T19:00:00,pay_demo000818
1376,ORD00814,P022,C0163,1,749,2025-12-23T07:00:00,pay_demo000819
1377,ORD00814,P021,C0163,1,1399,2025-12-23T07:00:00,pay_demo000819
1378,ORD00815,P014,C0163,1,2499,2026-09-25T19:00:00,pay_demo000820
1379,ORD00815,P024,C0163,1,2299,2026-09-25T19:00:00,pay_demo000820
1380,ORD00816,P022,C0163,1,749,2026-08-19T11:00:00,pay_demo000821
1381,ORD00817,P025,C0163,2,1798,2026-07-03T12:00:00,pay_demo000822
1382,ORD00818,P018,C0163,1,899,2026-06-16T18:00:00,pay_demo000823
1383,ORD00818,P023,C0163,1,549,2026-06-16T18:00:00,pay_demo000823
1384,ORD00818,P024,C0163,2,4598,2026-06-16T18:00:00,pay_demo000823
1385,ORD00819,P025,C0163,1,899,2026-09-17T03:00:00,pay_demo000824
1386,ORD00820,P010,C0163,1,1299,2026-01-03T22:00:00,pay_demo000825
1387,ORD00820,P026,C0163,2,898,2026-01-03T22:00:00,pay_demo000825
1388,ORD00821,P024,C0163,1,2299,2025-11-26T05:00:00,pay_demo000826
1389,ORD00822,P025,C0163,1,899,2026-04-13T00:00:00,pay_demo000827
1390,ORD00822,P021,C0163,1,1399,2026-04-13T00:00:00,pay_demo000827
1391,ORD00823,P025,C0163,1,899,2025-11-28T08:00:00,pay_demo000828
1392,ORD00824,P020,C0163,1,999,2026-05-25T16:00:00,pay_demo000829
1393,ORD00825,P017,C0163,1,2199,2026-04-04T11:00:00,pay_demo000830
1394,ORD00826,P011,C0163,1,349,2026-03-20T07:00:00,pay_demo000831
1395,ORD00827,P021,C0163,1,1399,2026-01-11T19:00:00,pay_demo000832
1396,ORD00828,P020,C0163,1,999,2026-04-25T21:00:00,pay_demo000833
1397,ORD00828,P023,C0163,2,1098,2026-04-25T21:00:00,pay_demo000833
1398,ORD00829,P023,C0163,2,1098,2026-01-01T12:00:00,pay_demo000834
1399,ORD00829,P020,C0163,1,999,2026-01-01T12:00:00,pay_demo000834
1400,ORD00829,P024,C0163,1,2299,2026-01-01T12:00:00,pay_demo000834
1401,ORD00830,P012,C0164,1,649,2026-09-24T23:00:00,pay_demo000835
1402,ORD00830,P008,C0164,1,799,2026-09-24T23:00:00,pay_demo000835
1403,ORD00831,P011,C0164,2,698,2026-09-03T06:00:00,pay_demo000836
1404,ORD00832,P013,C0165,1,299,2026-06-10T21:00:00,pay_demo000837
1405,ORD00833,P027,C0166,1,399,2026-07-14T05:00:00,pay_demo000838
1406,ORD00834,P017,C0166,1,2199,2026-05-27T10:00:00,pay_demo000839
1407,ORD00835,P023,C0166,1,549,2026-08-04T01:00:00,pay_demo000840
1408,ORD00835,P019,C0166,1,1299,2026-08-04T01:00:00,pay_demo000840
1409,ORD00836,P002,C0166,1,599,2026-02-06T19:00:00,pay_demo000841
1410,ORD00837,P018,C0166,1,899,2026-07-24T19:00:00,pay_demo000842
1411,ORD00837,P017,C0166,1,2199,2026-07-24T19:00:00,pay_demo000842
1412,ORD00838,P027,C0167,1,399,2026-04-27T23:00:00,pay_demo000843
1413,ORD00838,P005,C0167,1,1699,2026-04-27T23:00:00,pay_demo000843
1414,ORD00839,P006,C0167,1,3999,2026-05-16T10:00:00,pay_demo000844
1415,ORD00839,P031,C0167,2,758,2026-05-16T10:00:00,pay_demo000844
1416,ORD00839,P008,C0167,1,799,2026-05-16T10:00:00,pay_demo000844
1417,ORD00840,P029,C0167,1,549,2026-04-19T00:00:00,pay_demo000845
1418,ORD00841,P017,C0167,1,2199,2025-12-21T05:00:00,pay_demo000846
1419,ORD00841,P007,C0167,1,1899,2025-12-21T05:00:00,pay_demo000846
1420,ORD00842,P031,C0167,1,379,2026-06-16T19:00:00,pay_demo000847
1421,ORD00842,P031,C0167,2,758,2026-06-16T19:00:00,pay_demo000847
1422,ORD00843,P031,C0167,1,379,2026-03-18T20:00:00,pay_demo000848
1423,ORD00844,P029,C0167,1,549,2026-04-17T18:00:00,pay_demo000849
1424,ORD00844,P027,C0167,2,798,2026-04-17T18:00:00,pay_demo000849
1425,ORD00845,P028,C0167,1,299,2026-09-12T17:00:00,pay_demo000850
1426,ORD00845,P031,C0167,1,379,2026-09-12T17:00:00,pay_demo000850
1427,ORD00846,P021,C0167,1,1399,2026-09-18T04:00:00,pay_demo000851
1428,ORD00846,P031,C0167,2,758,2026-09-18T04:00:00,pay_demo000851
1429,ORD00847,P024,C0167,1,2299,2026-05-29T19:00:00,pay_demo000852
1430,ORD00848,P017,C0168,1,2199,2026-01-17T10:00:00,pay_demo000853
1431,ORD00848,P019,C0168,2,2598,2026-01-17T10:00:00,pay_demo000853
1432,ORD00849,P019,C0168,1,1299,2026-04-29T19:00:00,pay_demo000854
1433,ORD00849,P014,C0168,1,2499,2026-04-29T19:00:00,pay_demo000854
1434,ORD00849,P024,C0168,1,2299,2026-04-29T19:00:00,pay_demo000854
1435,ORD00850,P018,C0168,2,1798,2026-05-30T04:00:00,pay_demo000855
1436,ORD00851,P014,C0168,1,2499,2026-06-07T09:00:00,pay_demo000856
1437,ORD00852,P021,C0169,1,1399,2026-03-18T21:00:00,pay_demo000857
1438,ORD00852,P009,C0169,1,499,2026-03-18T21:00:00,pay_demo000857
1439,ORD00853,P029,C0169,1,549,2026-05-18T03:00:00,pay_demo000858
1440,ORD00854,P027,C0170,1,399,2025-12-28T00:00:00,pay_demo000859
1441,ORD00854,P021,C0170,2,2798,2025-12-28T00:00:00,pay_demo000859
1442,ORD00855,P021,C0170,1,1399,2026-09-10T04:00:00,pay_demo000860
1443,ORD00856,P031,C0170,2,758,2026-08-24T07:00:00,pay_demo000861
1444,ORD00856,P010,C0170,2,2598,2026-08-24T07:00:00,pay_demo000861
1445,ORD00857,P030,C0170,1,1199,2025-12-19T02:00:00,pay_demo000862
1446,ORD00858,P022,C0170,1,749,2026-08-11T12:00:00,pay_demo000863
1447,ORD00859,P023,C0170,2,1098,2026-08-21T05:00:00,pay_demo000864
1448,ORD00859,P030,C0170,1,1199,2026-08-21T05:00:00,pay_demo000864
1449,ORD00860,P003,C0170,1,2799,2026-02-20T11:00:00,pay_demo000865
1450,ORD00860,P029,C0170,1,549,2026-02-20T11:00:00,pay_demo000865
1451,ORD00861,P002,C0170,1,599,2025-12-04T09:00:00,pay_demo000866
1452,ORD00861,P026,C0170,1,449,2025-12-04T09:00:00,pay_demo000866
1453,ORD00862,P017,C0171,1,2199,2026-07-28T10:00:00,pay_demo000868
1454,ORD00863,P019,C0171,2,2598,2026-08-24T08:00:00,pay_demo000869
1455,ORD00864,P029,C0171,1,549,2026-09-05T17:00:00,pay_demo000870
1456,ORD00864,P031,C0171,2,758,2026-09-05T17:00:00,pay_demo000870
1457,ORD00865,P008,C0171,2,1598,2026-09-16T03:00:00,pay_demo000871
1458,ORD00865,P015,C0171,2,9998,2026-09-16T03:00:00,pay_demo000871
1459,ORD00865,P017,C0171,1,2199,2026-09-16T03:00:00,pay_demo000871
1460,ORD00866,P015,C0171,1,4999,2026-06-20T03:00:00,pay_demo000872
1461,ORD00867,P018,C0171,1,899,2026-01-17T21:00:00,pay_demo000873
1462,ORD00868,P017,C0171,1,2199,2026-04-16T19:00:00,pay_demo000874
1463,ORD00868,P019,C0171,1,1299,2026-04-16T19:00:00,pay_demo000874
1464,ORD00869,P026,C0171,2,898,2025-12-31T21:00:00,pay_demo000875
1465,ORD00869,P015,C0171,1,4999,2025-12-31T21:00:00,pay_demo000875
1466,ORD00869,P017,C0171,1,2199,2025-12-31T21:00:00,pay_demo000875
1467,ORD00870,P008,C0172,1,799,2025-12-20T16:00:00,pay_demo000876
1468,ORD00871,P016,C0173,1,1599,2026-06-20T00:00:00,pay_demo000877
1469,ORD00871,P012,C0173,1,649,2026-06-20T00:00:00,pay_demo000877
1470,ORD00872,P016,C0173,2,3198,2026-08-12T01:00:00,pay_demo000878
1471,ORD00873,P019,C0173,1,1299,2026-06-29T07:00:00,pay_demo000879
1472,ORD00873,P024,C0173,1,2299,2026-06-29T07:00:00,pay_demo000879
1473,ORD00873,P019,C0173,1,1299,2026-06-29T07:00:00,pay_demo000879
1474,ORD00874,P005,C0173,1,1699,2026-04-27T12:00:00,pay_demo000880
1475,ORD00874,P015,C0173,2,9998,2026-04-27T12:00:00,pay_demo000880
1476,ORD00875,P020,C0174,2,1998,2026-08-09T22:00:00,pay_demo000881
1477,ORD00876,P003,C0174,1,2799,2026-04-23T07:00:00,pay_demo000882
1478,ORD00876,P017,C0174,1,2199,2026-04-23T07:00:00,pay_demo000882
1479,ORD00877,P014,C0175,1,2499,2026-05-23T07:00:00,pay_demo000883
1480,ORD00877,P031,C0175,2,758,2026-05-23T07:00:00,pay_demo000883
1481,ORD00878,P019,C0175,1,1299,2026-05-24T18:00:00,pay_demo000884
1482,ORD00878,P004,C0175,1,1199,2026-05-24T18:00:00,pay_demo000884
1483,ORD00879,P019,C0175,2,2598,2026-06-15T01:00:00,pay_demo000885
1484,ORD00879,P012,C0175,2,1298,2026-06-15T01:00:00,pay_demo000885
1485,ORD00879,P005,C0175,2,3398,2026-06-15T01:00:00,pay_demo000885
1486,ORD00880,P021,C0175,2,2798,2026-08-02T04:00:00,pay_demo000886
1487,ORD00881,P006,C0176,1,3999,2025-11-18T07:00:00,pay_demo000887
1488,ORD00881,P001,C0176,1,1499,2025-11-18T07:00:00,pay_demo000887
1489,ORD00881,P020,C0176,1,999,2025-11-18T07:00:00,pay_demo000887
1490,ORD00882,P020,C0176,1,999,2026-04-16T09:00:00,pay_demo000888
1491,ORD00883,P021,C0176,1,1399,2026-04-23T02:00:00,pay_demo000889
1492,ORD00884,P022,C0176,1,749,2026-01-11T16:00:00,pay_demo000890
1493,ORD00884,P015,C0176,1,4999,2026-01-11T16:00:00,pay_demo000890
1494,ORD00885,P022,C0176,2,1498,2026-08-21T18:00:00,pay_demo000891
1495,ORD00885,P014,C0176,1,2499,2026-08-21T18:00:00,pay_demo000891
1496,ORD00886,P022,C0176,1,749,2026-06-06T10:00:00,pay_demo000892
1497,ORD00886,P024,C0176,1,2299,2026-06-06T10:00:00,pay_demo000892
1498,ORD00887,P020,C0176,1,999,2026-05-06T01:00:00,pay_demo000893
1499,ORD00888,P021,C0176,2,2798,2026-05-16T20:00:00,pay_demo000894
1500,ORD00889,P025,C0176,2,1798,2026-02-24T02:00:00,pay_demo000895
1501,ORD00890,P023,C0176,1,549,2026-04-14T21:00:00,pay_demo000896
1502,ORD00891,P023,C0176,1,549,2026-07-27T22:00:00,pay_demo000897
1503,ORD00891,P024,C0176,2,4598,2026-07-27T22:00:00,pay_demo000897
1504,ORD00891,P027,C0176,1,399,2026-07-27T22:00:00,pay_demo000897
1505,ORD00892,P021,C0177,2,2798,2026-04-03T07:00:00,pay_demo000898
1506,ORD00893,P030,C0178,1,1199,2026-01-30T20:00:00,pay_demo000899
1507,ORD00894,P030,C0178,1,1199,2026-01-09T04:00:00,pay_demo000900
1508,ORD00895,P027,C0178,1,399,2026-06-16T03:00:00,pay_demo000901
1509,ORD00896,P026,C0178,2,898,2026-08-31T12:00:00,pay_demo000902
1510,ORD00896,P031,C0178,2,758,2026-08-31T12:00:00,pay_demo000902
1511,ORD00896,P027,C0178,1,399,2026-08-31T12:00:00,pay_demo000902
1512,ORD00897,P026,C0178,1,449,2026-06-25T20:00:00,pay_demo000903
1513,ORD00897,P027,C0178,1,399,2026-06-25T20:00:00,pay_demo000903
1514,ORD00898,P002,C0178,1,599,2026-07-01T11:00:00,pay_demo000904
1515,ORD00899,P028,C0178,2,598,2026-08-15T01:00:00,pay_demo000905
1516,ORD00900,P030,C0178,1,1199,2026-07-05T22:00:00,pay_demo000906
1517,ORD00901,P003,C0178,1,2799,2026-07-17T08:00:00,pay_demo000907
1518,ORD00902,P005,C0178,1,1699,2026-04-06T02:00:00,pay_demo000908
1519,ORD00902,P016,C0178,1,1599,2026-04-06T02:00:00,pay_demo000908
1520,ORD00903,P031,C0178,1,379,2026-05-16T10:00:00,pay_demo000909
1521,ORD00904,P030,C0178,2,2398,2025-11-30T12:00:00,pay_demo000910
1522,ORD00905,P029,C0178,1,549,2026-04-23T03:00:00,pay_demo000911
1523,ORD00905,P030,C0178,1,1199,2026-04-23T03:00:00,pay_demo000911
1524,ORD00906,P029,C0178,2,1098,2026-02-21T02:00:00,pay_demo000912
1525,ORD00907,P022,C0178,1,749,2026-01-24T06:00:00,pay_demo000913
1526,ORD00907,P026,C0178,1,449,2026-01-24T06:00:00,pay_demo000913
1527,ORD00908,P031,C0178,1,379,2026-04-07T05:00:00,pay_demo000914
1528,ORD00909,P029,C0178,1,549,2026-06-02T09:00:00,pay_demo000915
1529,ORD00910,P009,C0179,2,998,2026-07-22T17:00:00,pay_demo000916
1530,ORD00911,P013,C0179,1,299,2026-02-11T01:00:00,pay_demo000917
1531,ORD00911,P010,C0179,2,2598,2026-02-11T01:00:00,pay_demo000917
1532,ORD00911,P028,C0179,1,299,2026-02-11T01:00:00,pay_demo000917
1533,ORD00912,P023,C0180,1,549,2026-09-18T21:00:00,pay_demo000918
1534,ORD00913,P021,C0180,2,2798,2025-12-24T22:00:00,pay_demo000919
1535,ORD00914,P028,C0180,1,299,2026-03-22T16:00:00,pay_demo000920
1536,ORD00915,P025,C0180,1,899,2026-03-19T03:00:00,pay_demo000921
1537,ORD00915,P021,C0180,2,2798,2026-03-19T03:00:00,pay_demo000921
1538,ORD00916,P020,C0180,1,999,2026-04-15T07:00:00,pay_demo000922
1539,ORD00917,P011,C0180,1,349,2026-08-14T02:00:00,pay_demo000923
1540,ORD00918,P021,C0180,2,2798,2026-06-12T12:00:00,pay_demo000924
1541,ORD00918,P023,C0180,1,549,2026-06-12T12:00:00,pay_demo000924
1542,ORD00919,P002,C0180,1,599,2026-06-13T22:00:00,pay_demo000925
1543,ORD00919,P021,C0180,1,1399,2026-06-13T22:00:00,pay_demo000925
1544,ORD00920,P020,C0180,1,999,2026-08-15T00:00:00,pay_demo000926
1545,ORD00921,P018,C0181,1,899,2026-07-27T09:00:00,pay_demo000927
1546,ORD00922,P018,C0181,1,899,2026-02-10T18:00:00,pay_demo000928
1547,ORD00922,P030,C0181,2,2398,2026-02-10T18:00:00,pay_demo000928
1548,ORD00923,P014,C0181,1,2499,2026-08-12T07:00:00,pay_demo000929
1549,ORD00924,P025,C0181,1,899,2025-12-19T17:00:00,pay_demo000930
1550,ORD00925,P014,C0181,1,2499,2026-05-20T09:00:00,pay_demo000931
1551,ORD00925,P019,C0181,2,2598,2026-05-20T09:00:00,pay_demo000931
1552,ORD00926,P015,C0181,2,9998,2026-06-28T20:00:00,pay_demo000932
1553,ORD00927,P014,C0181,2,4998,2026-01-20T08:00:00,pay_demo000933
1554,ORD00928,P001,C0182,1,1499,2025-12-12T18:00:00,pay_demo000934
1555,ORD00928,P004,C0182,1,1199,2025-12-12T18:00:00,pay_demo000934
1556,ORD00929,P025,C0183,1,899,2026-09-18T01:00:00,pay_demo000935
1557,ORD00929,P023,C0183,1,549,2026-09-18T01:00:00,pay_demo000935
1558,ORD00930,P025,C0183,1,899,2026-09-25T00:00:00,pay_demo000936
1559,ORD00931,P006,C0184,2,7998,2026-02-13T12:00:00,pay_demo000937
1560,ORD00932,P008,C0184,1,799,2026-03-02T08:00:00,pay_demo000938
1561,ORD00933,P011,C0184,1,349,2026-07-13T09:00:00,pay_demo000939
1562,ORD00934,P021,C0185,2,2798,2026-03-02T20:00:00,pay_demo000940
1563,ORD00935,P022,C0185,1,749,2026-03-14T00:00:00,pay_demo000941
1564,ORD00935,P003,C0185,2,5598,2026-03-14T00:00:00,pay_demo000941
1565,ORD00936,P004,C0185,1,1199,2026-05-17T10:00:00,pay_demo000942
1566,ORD00937,P005,C0186,2,3398,2026-08-26T03:00:00,pay_demo000943
1567,ORD00937,P014,C0186,1,2499,2026-08-26T03:00:00,pay_demo000943
1568,ORD00938,P022,C0186,1,749,2026-09-24T19:00:00,pay_demo000944
1569,ORD00938,P016,C0186,1,1599,2026-09-24T19:00:00,pay_demo000944
1570,ORD00939,P004,C0187,1,1199,2026-07-07T04:00:00,pay_demo000945
1571,ORD00940,P008,C0187,1,799,2026-08-05T20:00:00,pay_demo000946
1572,ORD00940,P008,C0187,1,799,2026-08-05T20:00:00,pay_demo000946
1573,ORD00941,P022,C0187,1,749,2026-04-08T23:00:00,pay_demo000947
1574,ORD00941,P008,C0187,1,799,2026-04-08T23:00:00,pay_demo000947
1575,ORD00942,P011,C0187,2,698,2026-03-27T12:00:00,pay_demo000948
1576,ORD00943,P012,C0188,2,1298,2026-09-06T05:00:00,pay_demo000949
1577,ORD00943,P011,C0188,1,349,2026-09-06T05:00:00,pay_demo000949
1578,ORD00944,P011,C0188,1,349,2026-08-30T12:00:00,pay_demo000950
1579,ORD00944,P031,C0188,1,379,2026-08-30T12:00:00,pay_demo000950
1580,ORD00945,P024,C0189,1,2299,2026-06-12T08:00:00,pay_demo000951
1581,ORD00946,P029,C0189,2,1098,2026-09-02T19:00:00,pay_demo000952
1582,ORD00947,P021,C0190,1,1399,2026-09-01T03:00:00,pay_demo000953
1583,ORD00947,P024,C0190,1,2299,2026-09-01T03:00:00,pay_demo000953
1584,ORD00948,P025,C0190,1,899,2026-08-16T22:00:00,pay_demo000954
1585,ORD00948,P022,C0190,1,749,2026-08-16T22:00:00,pay_demo000954
1586,ORD00949,P022,C0190,2,1498,2026-03-21T10:00:00,pay_demo000955
1587,ORD00949,P016,C0190,2,3198,2026-03-21T10:00:00,pay_demo000955
1588,ORD00950,P030,C0191,2,2398,2026-03-13T17:00:00,pay_demo000956
1589,ORD00951,P016,C0191,1,1599,2025-11-23T03:00:00,pay_demo000957
1590,ORD00951,P027,C0191,1,399,2025-11-23T03:00:00,pay_demo000957
1591,ORD00952,P029,C0191,1,549,2026-01-09T16:00:00,pay_demo000958
1592,ORD00952,P027,C0191,1,399,2026-01-09T16:00:00,pay_demo000958
1593,ORD00953,P007,C0191,1,1899,2026-06-24T10:00:00,pay_demo000959
1594,ORD00954,P031,C0191,1,379,2026-07-11T05:00:00,pay_demo000960
1595,ORD00955,P031,C0191,1,379,2025-12-08T09:00:00,pay_demo000961
1596,ORD00956,P023,C0191,1,549,2025-11-26T08:00:00,pay_demo000962
1597,ORD00956,P029,C0191,1,549,2025-11-26T08:00:00,pay_demo000962
1598,ORD00957,P031,C0192,1,379,2026-01-09T20:00:00,pay_demo000963
1599,ORD00957,P003,C0192,1,2799,2026-01-09T20:00:00,pay_demo000963
1600,ORD00958,P013,C0193,1,299,2026-05-24T04:00:00,pay_demo000964
1601,ORD00959,P008,C0193,1,799,2026-01-22T20:00:00,pay_demo000965
1602,ORD00960,P030,C0193,1,1199,2026-02-05T16:00:00,pay_demo000966
1603,ORD00961,P007,C0193,2,3798,2026-01-10T04:00:00,pay_demo000967
1604,ORD00961,P019,C0193,1,1299,2026-01-10T04:00:00,pay_demo000967
1605,ORD00962,P011,C0193,2,698,2026-05-10T01:00:00,pay_demo000968
1606,ORD00962,P008,C0193,1,799,2026-05-10T01:00:00,pay_demo000968
1607,ORD00963,P013,C0193,1,299,2026-01-15T11:00:00,pay_demo000969
1608,ORD00964,P028,C0193,1,299,2026-03-10T05:00:00,pay_demo000970
1609,ORD00964,P014,C0193,1,2499,2026-03-10T05:00:00,pay_demo000970
1610,ORD00965,P014,C0194,1,2499,2026-02-22T02:00:00,pay_demo000971
1611,ORD00965,P013,C0194,1,299,2026-02-22T02:00:00,pay_demo000971
1612,ORD00966,P015,C0194,1,4999,2026-04-24T16:00:00,pay_demo000972
1613,ORD00966,P016,C0194,1,1599,2026-04-24T16:00:00,pay_demo000972
1614,ORD00967,P014,C0194,2,4998,2026-02-10T07:00:00,pay_demo000973
1615,ORD00968,P012,C0194,1,649,2025-12-29T05:00:00,pay_demo000974
1616,ORD00969,P030,C0194,2,2398,2025-11-07T11:00:00,pay_demo000975
1617,ORD00969,P017,C0194,1,2199,2025-11-07T11:00:00,pay_demo000975
1618,ORD00970,P010,C0195,1,1299,2026-09-15T21:00:00,pay_demo000976
1619,ORD00971,P002,C0195,2,1198,2026-09-07T00:00:00,pay_demo000977
1620,ORD00972,P016,C0196,1,1599,2026-02-25T12:00:00,pay_demo000978
1621,ORD00972,P031,C0196,2,758,2026-02-25T12:00:00,pay_demo000978
1622,ORD00973,P027,C0196,2,798,2026-08-21T11:00:00,pay_demo000979
1623,ORD00974,P015,C0196,2,9998,2026-09-23T06:00:00,pay_demo000980
1624,ORD00975,P026,C0196,1,449,2026-05-21T01:00:00,pay_demo000981
1625,ORD00975,P026,C0196,1,449,2026-05-21T01:00:00,pay_demo000981
1626,ORD00976,P027,C0196,2,798,2025-11-05T07:00:00,pay_demo000982
1627,ORD00976,P026,C0196,2,898,2025-11-05T07:00:00,pay_demo000982
1628,ORD00976,P012,C0196,2,1298,2025-11-05T07:00:00,pay_demo000982
1629,ORD00977,P029,C0196,2,1098,2026-02-27T07:00:00,pay_demo000983
1630,ORD00978,P015,C0196,1,4999,2026-06-24T12:00:00,pay_demo000984
1631,ORD00979,P029,C0196,1,549,2026-09-01T06:00:00,pay_demo000985
1632,ORD00980,P030,C0196,1,1199,2026-05-14T18:00:00,pay_demo000986
1633,ORD00981,P027,C0196,1,399,2026-08-01T00:00:00,pay_demo000987
1634,ORD00982,P006,C0197,2,7998,2026-03-25T18:00:00,pay_demo000988
1635,ORD00983,P019,C0197,1,1299,2026-02-24T18:00:00,pay_demo000989
1636,ORD00983,P006,C0197,1,3999,2026-02-24T18:00:00,pay_demo000989
1637,ORD00984,P005,C0197,1,1699,2026-06-12T04:00:00,pay_demo000990
1638,ORD00985,P002,C0197,1,599,2026-07-04T01:00:00,pay_demo000991
1639,ORD00985,P003,C0197,1,2799,2026-07-04T01:00:00,pay_demo000991
1640,ORD00985,P003,C0197,1,2799,2026-07-04T01:00:00,pay_demo000991
1641,ORD00986,P002,C0197,1,599,2026-05-21T00:00:00,pay_demo000992
1642,ORD00986,P006,C0197,2,7998,2026-05-21T00:00:00,pay_demo000992
1643,ORD00987,P003,C0197,1,2799,2026-01-08T11:00:00,pay_demo000993
1644,ORD00988,P013,C0197,2,598,2026-06-03T16:00:00,pay_demo000994
1645,ORD00989,P028,C0198,1,299,2026-01-27T10:00:00,pay_demo000995
1646,ORD00989,P007,C0198,1,1899,2026-01-27T10:00:00,pay_demo000995
1647,ORD00990,P002,C0198,2,1198,2026-07-22T11:00:00,pay_demo000996
1648,ORD00990,P002,C0198,1,599,2026-07-22T11:00:00,pay_demo000996
1649,ORD00991,P004,C0198,1,1199,2026-09-12T22:00:00,pay_demo000997
1650,ORD00991,P006,C0198,2,7998,2026-09-12T22:00:00,pay_demo000997
1651,ORD00991,P029,C0198,2,1098,2026-09-12T22:00:00,pay_demo000997
1652,ORD00992,P004,C0198,2,2398,2026-07-24T20:00:00,pay_demo000998
1653,ORD00993,P009,C0198,2,998,2026-03-03T11:00:00,pay_demo000999
1654,ORD00994,P025,C0198,1,899,2026-08-25T10:00:00,pay_demo001000
1655,ORD00994,P006,C0198,2,7998,2026-08-25T10:00:00,pay_demo001000
1656,ORD00995,P018,C0199,1,899,2026-08-17T20:00:00,pay_demo001001
1657,ORD00996,P002,C0199,2,1198,2026-05-27T04:00:00,pay_demo001002
1658,ORD00996,P028,C0199,1,299,2026-05-27T04:00:00,pay_demo001002
1659,ORD00997,P027,C0199,1,399,2026-02-05T00:00:00,pay_demo001003
1660,ORD00998,P025,C0199,1,899,2026-08-27T04:00:00,pay_demo001004
1661,ORD00998,P027,C0199,1,399,2026-08-27T04:00:00,pay_demo001004
1662,ORD00999,P019,C0200,1,1299,2026-08-25T16:00:00,pay_demo001005
1663,ORD00999,P015,C0200,1,4999,2026-08-25T16:00:00,pay_demo001005
1664,ORD00999,P001,C0200,1,1499,2026-08-25T16:00:00,pay_demo001005
1665,ORD01000,P010,C0201,2,2598,2026-04-24T03:00:00,pay_demo001006
1666,ORD01001,P010,C0201,2,2598,2026-02-04T00:00:00,pay_demo001007
1667,ORD01001,P010,C0201,1,1299,2026-02-04T00:00:00,pay_demo001007
1668,ORD01002,P013,C0201,2,598,2026-01-05T22:00:00,pay_demo001008
1669,ORD01002,P011,C0201,1,349,2026-01-05T22:00:00,pay_demo001008
1670,ORD01002,P008,C0201,1,799,2026-01-05T22:00:00,pay_demo001008
1671,ORD01003,P020,C0201,2,1998,2025-12-16T05:00:00,pay_demo001009
1672,ORD01003,P009,C0201,1,499,2025-12-16T05:00:00,pay_demo001009
1673,ORD01003,P012,C0201,1,649,2025-12-16T05:00:00,pay_demo001009
1674,ORD01004,P018,C0201,2,1798,2026-05-22T07:00:00,pay_demo001010
1675,ORD01005,P029,C0202,1,549,2026-04-24T17:00:00,pay_demo001011
1676,ORD01005,P027,C0202,1,399,2026-04-24T17:00:00,pay_demo001011
1677,ORD01006,P007,C0202,1,1899,2026-06-18T12:00:00,pay_demo001012
1678,ORD01006,P029,C0202,1,549,2026-06-18T12:00:00,pay_demo001012
1679,ORD01007,P026,C0202,1,449,2026-09-15T11:00:00,pay_demo001013
1680,ORD01008,P026,C0202,1,449,2025-12-29T10:00:00,pay_demo001014
1681,ORD01009,P018,C0202,2,1798,2026-05-04T17:00:00,pay_demo001015
1682,ORD01009,P028,C0202,2,598,2026-05-04T17:00:00,pay_demo001015
1683,ORD01010,P028,C0202,1,299,2026-08-07T10:00:00,pay_demo001016
1684,ORD01010,P027,C0202,2,798,2026-08-07T10:00:00,pay_demo001016
1685,ORD01010,P031,C0202,1,379,2026-08-07T10:00:00,pay_demo001016
1686,ORD01011,P026,C0202,1,449,2026-06-01T05:00:00,pay_demo001017
1687,ORD01012,P028,C0202,2,598,2026-07-11T20:00:00,pay_demo001018
1688,ORD01013,P011,C0203,1,349,2026-01-06T16:00:00,pay_demo001019
1689,ORD01014,P005,C0204,2,3398,2026-02-18T00:00:00,pay_demo001020
1690,ORD01014,P028,C0204,1,299,2026-02-18T00:00:00,pay_demo001020
1691,ORD01015,P019,C0205,1,1299,2026-09-08T17:00:00,pay_demo001021
1692,ORD01015,P024,C0205,1,2299,2026-09-08T17:00:00,pay_demo001021
1693,ORD01016,P022,C0206,1,749,2026-09-02T00:00:00,pay_demo001022
1694,ORD01017,P023,C0206,1,549,2026-08-31T16:00:00,pay_demo001023
1695,ORD01018,P007,C0207,1,1899,2026-09-03T02:00:00,pay_demo001024
1696,ORD01019,P023,C0207,1,549,2026-08-23T12:00:00,pay_demo001025
1697,ORD01020,P018,C0208,1,899,2026-06-10T18:00:00,pay_demo001026
1698,ORD01020,P008,C0208,1,799,2026-06-10T18:00:00,pay_demo001026
1699,ORD01021,P019,C0208,2,2598,2026-09-17T05:00:00,pay_demo001027
1700,ORD01021,P019,C0208,1,1299,2026-09-17T05:00:00,pay_demo001027
1701,ORD01022,P020,C0208,1,999,2026-03-20T09:00:00,pay_demo001028
1702,ORD01022,P017,C0208,2,4398,2026-03-20T09:00:00,pay_demo001028
1703,ORD01023,P012,C0208,1,649,2026-07-20T21:00:00,pay_demo001029
1704,ORD01024,P019,C0208,2,2598,2026-01-16T20:00:00,pay_demo001030
1705,ORD01025,P007,C0208,1,1899,2026-06-09T09:00:00,pay_demo001031
1706,ORD01025,P015,C0208,2,9998,2026-06-09T09:00:00,pay_demo001031
1707,ORD01026,P017,C0208,1,2199,2026-05-30T02:00:00,pay_demo001032
1708,ORD01027,P013,C0208,2,598,2026-08-15T19:00:00,pay_demo001033
1709,ORD01027,P011,C0208,1,349,2026-08-15T19:00:00,pay_demo001033
1710,ORD01028,P018,C0208,1,899,2026-09-14T00:00:00,pay_demo001034
1711,ORD01029,P012,C0209,1,649,2025-10-30T23:00:00,pay_demo001035
1712,ORD01030,P016,C0210,1,1599,2026-04-26T00:00:00,pay_demo001036
1713,ORD01031,P005,C0211,1,1699,2026-05-12T05:00:00,pay_demo001037
1714,ORD01032,P015,C0212,1,4999,2026-08-05T08:00:00,pay_demo001038
1715,ORD01033,P017,C0212,2,4398,2025-12-09T00:00:00,pay_demo001039
1716,ORD01033,P018,C0212,1,899,2025-12-09T00:00:00,pay_demo001039
1717,ORD01034,P015,C0212,1,4999,2026-02-09T10:00:00,pay_demo001040
1718,ORD01034,P016,C0212,1,1599,2026-02-09T10:00:00,pay_demo001040
1719,ORD01035,P022,C0212,2,1498,2026-04-19T07:00:00,pay_demo001041
1720,ORD01036,P014,C0212,2,4998,2026-06-18T03:00:00,pay_demo001042
1721,ORD01037,P017,C0212,1,2199,2026-04-19T00:00:00,pay_demo001043
1722,ORD01037,P015,C0212,1,4999,2026-04-19T00:00:00,pay_demo001043
1723,ORD01038,P016,C0212,1,1599,2026-04-10T02:00:00,pay_demo001044
1724,ORD01038,P027,C0212,1,399,2026-04-10T02:00:00,pay_demo001044
1725,ORD01038,P029,C0212,1,549,2026-04-10T02:00:00,pay_demo001044
1726,ORD01039,P018,C0212,2,1798,2025-11-20T16:00:00,pay_demo001045
1727,ORD01040,P017,C0212,2,4398,2026-07-04T20:00:00,pay_demo001046
1728,ORD01041,P017,C0212,1,2199,2026-05-17T12:00:00,pay_demo001047
1729,ORD01042,P019,C0212,1,1299,2026-04-28T08:00:00,pay_demo001048
1730,ORD01043,P030,C0212,1,1199,2026-04-06T03:00:00,pay_demo001049
1731,ORD01043,P017,C0212,1,2199,2026-04-06T03:00:00,pay_demo001049
1732,ORD01043,P023,C0212,1,549,2026-04-06T03:00:00,pay_demo001049
1733,ORD01044,P014,C0212,1,2499,2026-09-11T04:00:00,pay_demo001050
1734,ORD01045,P002,C0212,1,599,2025-11-29T22:00:00,pay_demo001051
1735,ORD01045,P007,C0212,1,1899,2025-11-29T22:00:00,pay_demo001051
1736,ORD01045,P021,C0212,1,1399,2025-11-29T22:00:00,pay_demo001051
1737,ORD01046,P014,C0212,1,2499,2026-05-09T12:00:00,pay_demo001052
1738,ORD01046,P014,C0212,1,2499,2026-05-09T12:00:00,pay_demo001052
1739,ORD01047,P019,C0212,1,1299,2026-01-29T05:00:00,pay_demo001053
1740,ORD01048,P028,C0212,2,598,2026-03-08T19:00:00,pay_demo001054
1741,ORD01049,P027,C0212,1,399,2026-08-29T16:00:00,pay_demo001055
1742,ORD01049,P015,C0212,1,4999,2026-08-29T16:00:00,pay_demo001055
1743,ORD01050,P016,C0212,2,3198,2026-03-18T12:00:00,pay_demo001056
1744,ORD01050,P010,C0212,1,1299,2026-03-18T12:00:00,pay_demo001056
1745,ORD01051,P015,C0212,1,4999,2026-06-17T11:00:00,pay_demo001057
1746,ORD01051,P028,C0212,1,299,2026-06-17T11:00:00,pay_demo001057
1747,ORD01052,P017,C0212,1,2199,2026-08-03T11:00:00,pay_demo001058
1748,ORD01053,P014,C0213,1,2499,2026-02-25T11:00:00,pay_demo001059
1749,ORD01054,P019,C0213,2,2598,2026-07-12T18:00:00,pay_demo001060
1750,ORD01055,P017,C0213,1,2199,2026-08-03T05:00:00,pay_demo001061
1751,ORD01056,P019,C0213,1,1299,2026-04-10T06:00:00,pay_demo001062
1752,ORD01056,P015,C0213,1,4999,2026-04-10T06:00:00,pay_demo001062
1753,ORD01057,P026,C0214,2,898,2026-01-25T20:00:00,pay_demo001063
1754,ORD01058,P018,C0214,1,899,2026-08-20T21:00:00,pay_demo001064
1755,ORD01058,P018,C0214,2,1798,2026-08-20T21:00:00,pay_demo001064
1756,ORD01059,P014,C0214,1,2499,2026-01-30T04:00:00,pay_demo001065
1757,ORD01060,P019,C0214,1,1299,2025-12-16T23:00:00,pay_demo001066
1758,ORD01061,P010,C0214,1,1299,2026-06-29T04:00:00,pay_demo001067
1759,ORD01061,P017,C0214,1,2199,2026-06-29T04:00:00,pay_demo001067
1760,ORD01062,P016,C0214,2,3198,2026-09-10T20:00:00,pay_demo001068
1761,ORD01062,P017,C0214,2,4398,2026-09-10T20:00:00,pay_demo001068
1762,ORD01063,P016,C0214,2,3198,2026-07-16T02:00:00,pay_demo001069
1763,ORD01063,P005,C0214,2,3398,2026-07-16T02:00:00,pay_demo001069
1764,ORD01063,P005,C0214,1,1699,2026-07-16T02:00:00,pay_demo001069
1765,ORD01064,P011,C0215,1,349,2025-12-26T02:00:00,pay_demo001071
1766,ORD01064,P010,C0215,1,1299,2025-12-26T02:00:00,pay_demo001071
1767,ORD01065,P025,C0216,1,899,2026-09-01T16:00:00,pay_demo001072
1768,ORD01066,P023,C0216,1,549,2026-09-09T22:00:00,pay_demo001073
1769,ORD01067,P019,C0217,1,1299,2026-04-26T18:00:00,pay_demo001074
1770,ORD01068,P008,C0217,2,1598,2026-07-04T07:00:00,pay_demo001075
1771,ORD01069,P017,C0217,2,4398,2026-02-02T21:00:00,pay_demo001076
1772,ORD01069,P001,C0217,1,1499,2026-02-02T21:00:00,pay_demo001076
1773,ORD01070,P008,C0217,1,799,2026-05-26T12:00:00,pay_demo001077
1774,ORD01070,P024,C0217,1,2299,2026-05-26T12:00:00,pay_demo001077
1775,ORD01070,P009,C0217,1,499,2026-05-26T12:00:00,pay_demo001077
1776,ORD01071,P009,C0217,1,499,2026-06-23T09:00:00,pay_demo001078
1777,ORD01072,P011,C0217,2,698,2026-03-19T05:00:00,pay_demo001079
1778,ORD01073,P010,C0217,1,1299,2026-08-30T09:00:00,pay_demo001080
1779,ORD01074,P019,C0217,1,1299,2026-01-26T17:00:00,pay_demo001081
1780,ORD01074,P010,C0217,2,2598,2026-01-26T17:00:00,pay_demo001081
1781,ORD01074,P008,C0217,2,1598,2026-01-26T17:00:00,pay_demo001081
1782,ORD01075,P029,C0218,2,1098,2025-11-20T07:00:00,pay_demo001082
1783,ORD01076,P028,C0219,1,299,2026-01-10T01:00:00,pay_demo001083
1784,ORD01077,P026,C0219,1,449,2026-04-27T12:00:00,pay_demo001084
1785,ORD01078,P031,C0219,2,758,2026-01-16T01:00:00,pay_demo001085
1786,ORD01079,P030,C0219,1,1199,2026-03-24T21:00:00,pay_demo001086
1787,ORD01079,P030,C0219,1,1199,2026-03-24T21:00:00,pay_demo001086
1788,ORD01079,P007,C0219,1,1899,2026-03-24T21:00:00,pay_demo001086
1789,ORD01080,P029,C0219,1,549,2026-09-07T16:00:00,pay_demo001087
1790,ORD01081,P030,C0219,2,2398,2026-06-04T18:00:00,pay_demo001088
1791,ORD01082,P030,C0219,2,2398,2026-03-16T08:00:00,pay_demo001089
1792,ORD01082,P031,C0219,1,379,2026-03-16T08:00:00,pay_demo001089
1793,ORD01083,P030,C0219,1,1199,2026-03-01T04:00:00,pay_demo001090
1794,ORD01083,P026,C0219,2,898,2026-03-01T04:00:00,pay_demo001090
1795,ORD01084,P028,C0219,1,299,2026-01-24T04:00:00,pay_demo001091
1796,ORD01084,P026,C0219,1,449,2026-01-24T04:00:00,pay_demo001091
1797,ORD01085,P028,C0219,1,299,2026-04-05T20:00:00,pay_demo001092
1798,ORD01085,P031,C0219,2,758,2026-04-05T20:00:00,pay_demo001092
1799,ORD01086,P027,C0220,1,399,2026-07-28T12:00:00,pay_demo001093
1800,ORD01087,P030,C0220,1,1199,2026-03-25T17:00:00,pay_demo001094
1801,ORD01088,P002,C0220,2,1198,2026-02-28T10:00:00,pay_demo001095
1802,ORD01089,P011,C0220,2,698,2026-09-18T00:00:00,pay_demo001096
1803,ORD01089,P026,C0220,2,898,2026-09-18T00:00:00,pay_demo001096
1804,ORD01089,P027,C0220,2,798,2026-09-18T00:00:00,pay_demo001096
1805,ORD01090,P031,C0220,2,758,2026-03-20T04:00:00,pay_demo001097
1806,ORD01091,P027,C0220,1,399,2026-04-08T20:00:00,pay_demo001098
1807,ORD01091,P004,C0220,1,1199,2026-04-08T20:00:00,pay_demo001098
1808,ORD01092,P026,C0220,1,449,2026-01-04T23:00:00,pay_demo001099
1809,ORD01093,P020,C0220,1,999,2026-02-27T05:00:00,pay_demo001100
1810,ORD01094,P030,C0220,1,1199,2026-01-23T01:00:00,pay_demo001101
1811,ORD01094,P004,C0220,1,1199,2026-01-23T01:00:00,pay_demo001101
1812,ORD01095,P028,C0220,1,299,2026-04-20T23:00:00,pay_demo001102
1813,ORD01096,P029,C0220,1,549,2026-03-29T17:00:00,pay_demo001103
1814,ORD01096,P026,C0220,1,449,2026-03-29T17:00:00,pay_demo001103
1815,ORD01097,P027,C0220,1,399,2025-12-01T05:00:00,pay_demo001104
1816,ORD01098,P029,C0220,2,1098,2025-11-19T19:00:00,pay_demo001105
1817,ORD01098,P028,C0220,2,598,2025-11-19T19:00:00,pay_demo001105
1818,ORD01098,P027,C0220,2,798,2025-11-19T19:00:00,pay_demo001105
1819,ORD01099,P011,C0221,1,349,2025-12-17T16:00:00,pay_demo001106
1820,ORD01099,P001,C0221,2,2998,2025-12-17T16:00:00,pay_demo001106
1821,ORD01099,P030,C0221,1,1199,2025-12-17T16:00:00,pay_demo001106
1822,ORD01100,P015,C0222,1,4999,2025-10-10T19:00:00,pay_demo001107
1823,ORD01101,P018,C0223,1,899,2025-12-18T01:00:00,pay_demo001108
1824,ORD01102,P017,C0223,1,2199,2026-08-11T07:00:00,pay_demo001109
1825,ORD01103,P005,C0223,1,1699,2026-01-07T23:00:00,pay_demo001110
1826,ORD01104,P019,C0223,1,1299,2026-06-08T19:00:00,pay_demo001111
1827,ORD01104,P019,C0223,2,2598,2026-06-08T19:00:00,pay_demo001111
1828,ORD01105,P016,C0223,1,1599,2026-07-07T01:00:00,pay_demo001112
1829,ORD01106,P015,C0223,2,9998,2026-06-29T07:00:00,pay_demo001113
1830,ORD01107,P015,C0223,2,9998,2026-08-24T00:00:00,pay_demo001114
1831,ORD01107,P018,C0223,1,899,2026-08-24T00:00:00,pay_demo001114
1832,ORD01107,P017,C0223,1,2199,2026-08-24T00:00:00,pay_demo001114
1833,ORD01108,P007,C0223,1,1899,2026-06-25T18:00:00,pay_demo001115
1834,ORD01109,P018,C0223,1,899,2026-08-22T04:00:00,pay_demo001116
1835,ORD01110,P015,C0223,1,4999,2026-09-06T05:00:00,pay_demo001117
1836,ORD01111,P011,C0224,1,349,2026-04-06T08:00:00,pay_demo001118
1837,ORD01112,P024,C0225,2,4598,2026-08-07T02:00:00,pay_demo001119
1838,ORD01112,P020,C0225,1,999,2026-08-07T02:00:00,pay_demo001119
1839,ORD01112,P026,C0225,2,898,2026-08-07T02:00:00,pay_demo001119
1840,ORD01113,P021,C0225,1,1399,2026-06-25T02:00:00,pay_demo001120
1841,ORD01114,P023,C0225,1,549,2025-11-29T04:00:00,pay_demo001121
1842,ORD01115,P021,C0225,1,1399,2026-09-25T16:00:00,pay_demo001122
1843,ORD01115,P021,C0225,1,1399,2026-09-25T16:00:00,pay_demo001122
1844,ORD01116,P020,C0225,1,999,2026-08-08T09:00:00,pay_demo001123
1845,ORD01116,P029,C0225,1,549,2026-08-08T09:00:00,pay_demo001123
1846,ORD01116,P022,C0225,1,749,2026-08-08T09:00:00,pay_demo001123
1847,ORD01117,P025,C0225,1,899,2026-07-04T10:00:00,pay_demo001124
1848,ORD01117,P020,C0225,1,999,2026-07-04T10:00:00,pay_demo001124
1849,ORD01117,P004,C0225,1,1199,2026-07-04T10:00:00,pay_demo001124
1850,ORD01118,P024,C0225,1,2299,2026-08-20T09:00:00,pay_demo001125
1851,ORD01119,P017,C0225,1,2199,2025-12-15T19:00:00,pay_demo001126
1852,ORD01120,P020,C0225,2,1998,2026-01-14T17:00:00,pay_demo001127
1853,ORD01120,P025,C0225,1,899,2026-01-14T17:00:00,pay_demo001127
1854,ORD01121,P003,C0225,1,2799,2026-09-02T01:00:00,pay_demo001128
1855,ORD01121,P023,C0225,1,549,2026-09-02T01:00:00,pay_demo001128
1856,ORD01122,P024,C0226,1,2299,2025-12-30T19:00:00,pay_demo001129
1857,ORD01122,P011,C0226,1,349,2025-12-30T19:00:00,pay_demo001129
1858,ORD01123,P023,C0226,1,549,2026-05-22T08:00:00,pay_demo001130
1859,ORD01123,P011,C0226,1,349,2026-05-22T08:00:00,pay_demo001130
1860,ORD01123,P008,C0226,1,799,2026-05-22T08:00:00,pay_demo001130
1861,ORD01124,P010,C0226,1,1299,2026-09-19T17:00:00,pay_demo001131
1862,ORD01125,P013,C0226,1,299,2026-01-21T04:00:00,pay_demo001132
1863,ORD01125,P010,C0226,1,1299,2026-01-21T04:00:00,pay_demo001132
1864,ORD01126,P011,C0226,1,349,2026-02-09T19:00:00,pay_demo001133
1865,ORD01127,P009,C0226,2,998,2025-12-24T18:00:00,pay_demo001134
1866,ORD01127,P009,C0226,1,499,2025-12-24T18:00:00,pay_demo001134
1867,ORD01128,P012,C0226,1,649,2026-06-24T22:00:00,pay_demo001135
1868,ORD01128,P008,C0226,1,799,2026-06-24T22:00:00,pay_demo001135
1869,ORD01128,P022,C0226,1,749,2026-06-24T22:00:00,pay_demo001135
1870,ORD01129,P019,C0226,1,1299,2026-07-27T00:00:00,pay_demo001136
1871,ORD01130,P010,C0226,2,2598,2026-02-09T03:00:00,pay_demo001137
1872,ORD01131,P029,C0226,2,1098,2026-04-21T07:00:00,pay_demo001138
1873,ORD01132,P022,C0227,2,1498,2026-05-22T11:00:00,pay_demo001139
1874,ORD01133,P025,C0227,1,899,2026-07-26T00:00:00,pay_demo001140
1875,ORD01133,P025,C0227,2,1798,2026-07-26T00:00:00,pay_demo001140
1876,ORD01134,P022,C0227,1,749,2026-02-28T19:00:00,pay_demo001141
1877,ORD01134,P003,C0227,1,2799,2026-02-28T19:00:00,pay_demo001141
1878,ORD01135,P003,C0227,1,2799,2026-06-29T20:00:00,pay_demo001142
1879,ORD01135,P024,C0227,1,2299,2026-06-29T20:00:00,pay_demo001142
1880,ORD01135,P023,C0227,1,549,2026-06-29T20:00:00,pay_demo001142
1881,ORD01136,P003,C0228,1,2799,2026-06-10T21:00:00,pay_demo001144
1882,ORD01136,P018,C0228,1,899,2026-06-10T21:00:00,pay_demo001144
1883,ORD01137,P007,C0228,2,3798,2026-08-13T18:00:00,pay_demo001145
1884,ORD01138,P018,C0228,1,899,2026-02-04T18:00:00,pay_demo001146
1885,ORD01139,P023,C0228,1,549,2026-08-13T11:00:00,pay_demo001147
1886,ORD01139,P001,C0228,1,1499,2026-08-13T11:00:00,pay_demo001147
1887,ORD01140,P029,C0228,1,549,2026-04-24T04:00:00,pay_demo001148
1888,ORD01140,P005,C0228,1,1699,2026-04-24T04:00:00,pay_demo001148
1889,ORD01140,P019,C0228,1,1299,2026-04-24T04:00:00,pay_demo001148
1890,ORD01141,P028,C0229,1,299,2026-05-11T19:00:00,pay_demo001150
1891,ORD01142,P009,C0229,1,499,2026-07-22T06:00:00,pay_demo001151
1892,ORD01142,P008,C0229,1,799,2026-07-22T06:00:00,pay_demo001151
1893,ORD01143,P013,C0229,1,299,2026-05-09T07:00:00,pay_demo001152
1894,ORD01144,P011,C0229,1,349,2026-09-10T08:00:00,pay_demo001153
1895,ORD01144,P006,C0229,2,7998,2026-09-10T08:00:00,pay_demo001153
1896,ORD01144,P029,C0229,2,1098,2026-09-10T08:00:00,pay_demo001153
1897,ORD01145,P011,C0229,2,698,2026-08-26T01:00:00,pay_demo001154
1898,ORD01145,P025,C0229,2,1798,2026-08-26T01:00:00,pay_demo001154
1899,ORD01145,P010,C0229,2,2598,2026-08-26T01:00:00,pay_demo001154
1900,ORD01146,P013,C0229,1,299,2026-06-26T06:00:00,pay_demo001155
1901,ORD01146,P012,C0229,1,649,2026-06-26T06:00:00,pay_demo001155
1902,ORD01147,P019,C0229,1,1299,2026-07-27T09:00:00,pay_demo001156
1903,ORD01147,P011,C0229,1,349,2026-07-27T09:00:00,pay_demo001156
1904,ORD01148,P029,C0229,1,549,2026-01-22T05:00:00,pay_demo001157
1905,ORD01149,P012,C0229,1,649,2026-08-04T02:00:00,pay_demo001158
1906,ORD01149,P013,C0229,1,299,2026-08-04T02:00:00,pay_demo001158
1907,ORD01150,P013,C0230,1,299,2026-08-19T07:00:00,pay_demo001159
1908,ORD01151,P011,C0230,1,349,2026-03-21T03:00:00,pay_demo001160
1909,ORD01152,P001,C0230,1,1499,2026-03-09T05:00:00,pay_demo001161
1910,ORD01153,P006,C0230,1,3999,2026-08-15T06:00:00,pay_demo001162
1911,ORD01153,P006,C0230,1,3999,2026-08-15T06:00:00,pay_demo001162
1912,ORD01154,P012,C0231,1,649,2026-01-12T07:00:00,pay_demo001163
1913,ORD01155,P026,C0231,2,898,2026-05-08T21:00:00,pay_demo001164
1914,ORD01155,P014,C0231,1,2499,2026-05-08T21:00:00,pay_demo001164
1915,ORD01156,P010,C0231,1,1299,2026-08-03T17:00:00,pay_demo001165
1916,ORD01156,P013,C0231,2,598,2026-08-03T17:00:00,pay_demo001165
1917,ORD01156,P013,C0231,1,299,2026-08-03T17:00:00,pay_demo001165
1918,ORD01157,P010,C0231,2,2598,2026-07-22T16:00:00,pay_demo001166
1919,ORD01158,P031,C0231,2,758,2026-09-05T16:00:00,pay_demo001167
1920,ORD01159,P021,C0231,1,1399,2026-08-22T10:00:00,pay_demo001168
1921,ORD01159,P012,C0231,1,649,2026-08-22T10:00:00,pay_demo001168
1922,ORD01159,P002,C0231,2,1198,2026-08-22T10:00:00,pay_demo001168
1923,ORD01160,P001,C0231,2,2998,2026-02-05T02:00:00,pay_demo001169
1924,ORD01160,P010,C0231,1,1299,2026-02-05T02:00:00,pay_demo001169
1925,ORD01161,P013,C0232,1,299,2026-06-05T02:00:00,pay_demo001170
1926,ORD01162,P006,C0232,1,3999,2026-03-16T19:00:00,pay_demo001171
1927,ORD01162,P011,C0232,2,698,2026-03-16T19:00:00,pay_demo001171
1928,ORD01163,P025,C0233,2,1798,2026-07-30T10:00:00,pay_demo001172
1929,ORD01163,P010,C0233,1,1299,2026-07-30T10:00:00,pay_demo001172
1930,ORD01164,P002,C0233,1,599,2026-07-03T21:00:00,pay_demo001173
1931,ORD01164,P030,C0233,1,1199,2026-07-03T21:00:00,pay_demo001173
1932,ORD01164,P019,C0233,2,2598,2026-07-03T21:00:00,pay_demo001173
1933,ORD01165,P001,C0234,1,1499,2026-08-23T05:00:00,pay_demo001174
1934,ORD01165,P002,C0234,1,599,2026-08-23T05:00:00,pay_demo001174
1935,ORD01165,P004,C0234,1,1199,2026-08-23T05:00:00,pay_demo001174
1936,ORD01166,P011,C0235,2,698,2026-09-04T20:00:00,pay_demo001175
1937,ORD01167,P020,C0236,1,999,2026-09-13T07:00:00,pay_demo001176
1938,ORD01167,P020,C0236,2,1998,2026-09-13T07:00:00,pay_demo001176
1939,ORD01167,P015,C0236,1,4999,2026-09-13T07:00:00,pay_demo001176
1940,ORD01168,P021,C0236,1,1399,2026-09-17T23:00:00,pay_demo001177
1941,ORD01169,P011,C0237,1,349,2025-10-23T10:00:00,pay_demo001178
1942,ORD01169,P031,C0237,1,379,2025-10-23T10:00:00,pay_demo001178
1943,ORD01170,P004,C0238,1,1199,2026-04-09T09:00:00,pay_demo001179
1944,ORD01170,P007,C0238,2,3798,2026-04-09T09:00:00,pay_demo001179
1945,ORD01171,P024,C0239,2,4598,2026-09-07T22:00:00,pay_demo001180
1946,ORD01171,P023,C0239,1,549,2026-09-07T22:00:00,pay_demo001180
1947,ORD01172,P025,C0239,1,899,2025-12-20T09:00:00,pay_demo001181
1948,ORD01172,P022,C0239,1,749,2025-12-20T09:00:00,pay_demo001181
1949,ORD01173,P017,C0239,1,2199,2026-05-21T20:00:00,pay_demo001182
1950,ORD01174,P025,C0239,1,899,2026-04-01T12:00:00,pay_demo001183
1951,ORD01175,P030,C0239,1,1199,2026-05-02T22:00:00,pay_demo001184
1952,ORD01176,P021,C0239,1,1399,2026-08-25T17:00:00,pay_demo001185
1953,ORD01177,P025,C0239,1,899,2026-01-14T09:00:00,pay_demo001186
1954,ORD01177,P024,C0239,1,2299,2026-01-14T09:00:00,pay_demo001186
1955,ORD01178,P022,C0239,1,749,2026-05-12T10:00:00,pay_demo001187
1956,ORD01178,P020,C0239,2,1998,2026-05-12T10:00:00,pay_demo001187
1957,ORD01179,P029,C0239,2,1098,2025-12-07T07:00:00,pay_demo001188
1958,ORD01180,P021,C0239,1,1399,2026-04-12T05:00:00,pay_demo001189
1959,ORD01180,P025,C0239,1,899,2026-04-12T05:00:00,pay_demo001189
1960,ORD01181,P012,C0240,1,649,2026-07-02T01:00:00,pay_demo001190
1961,ORD01181,P018,C0240,1,899,2026-07-02T01:00:00,pay_demo001190
1962,ORD01182,P015,C0240,2,9998,2026-08-10T22:00:00,pay_demo001191
1963,ORD01183,P018,C0240,1,899,2026-02-07T00:00:00,pay_demo001192
1964,ORD01184,P030,C0240,1,1199,2026-05-23T23:00:00,pay_demo001193
1965,ORD01184,P008,C0240,1,799,2026-05-23T23:00:00,pay_demo001193
1966,ORD01185,P026,C0240,1,449,2026-04-06T09:00:00,pay_demo001194
1967,ORD01185,P017,C0240,1,2199,2026-04-06T09:00:00,pay_demo001194
1968,ORD01185,P011,C0240,1,349,2026-04-06T09:00:00,pay_demo001194
1969,ORD01186,P003,C0241,2,5598,2026-06-26T17:00:00,pay_demo001195
1970,ORD01186,P006,C0241,2,7998,2026-06-26T17:00:00,pay_demo001195
1971,ORD01186,P003,C0241,1,2799,2026-06-26T17:00:00,pay_demo001195
1972,ORD01187,P006,C0241,1,3999,2026-07-02T06:00:00,pay_demo001196
1973,ORD01187,P007,C0241,2,3798,2026-07-02T06:00:00,pay_demo001196
1974,ORD01187,P029,C0241,1,549,2026-07-02T06:00:00,pay_demo001196
1975,ORD01188,P023,C0242,1,549,2026-04-02T08:00:00,pay_demo001197
1976,ORD01189,P002,C0243,1,599,2026-06-13T22:00:00,pay_demo001198
1977,ORD01190,P004,C0243,2,2398,2026-03-16T10:00:00,pay_demo001199
1978,ORD01191,P001,C0243,2,2998,2026-09-16T04:00:00,pay_demo001200
1979,ORD01192,P021,C0244,1,1399,2026-08-12T08:00:00,pay_demo001201
1980,ORD01192,P015,C0244,1,4999,2026-08-12T08:00:00,pay_demo001201
1981,ORD01192,P016,C0244,1,1599,2026-08-12T08:00:00,pay_demo001201
1982,ORD01193,P015,C0244,1,4999,2026-04-19T05:00:00,pay_demo001202
1983,ORD01194,P019,C0244,2,2598,2026-09-13T02:00:00,pay_demo001203
1984,ORD01195,P018,C0244,1,899,2026-03-19T05:00:00,pay_demo001204
1985,ORD01195,P017,C0244,1,2199,2026-03-19T05:00:00,pay_demo001204
1986,ORD01196,P008,C0244,1,799,2026-03-04T20:00:00,pay_demo001205
1987,ORD01197,P016,C0245,2,3198,2026-07-28T18:00:00,pay_demo001206
1988,ORD01197,P014,C0245,1,2499,2026-07-28T18:00:00,pay_demo001206
1989,ORD01198,P015,C0245,1,4999,2026-06-26T02:00:00,pay_demo001207
1990,ORD01198,P017,C0245,1,2199,2026-06-26T02:00:00,pay_demo001207
1991,ORD01199,P019,C0245,2,2598,2026-05-06T06:00:00,pay_demo001208
1992,ORD01199,P016,C0245,1,1599,2026-05-06T06:00:00,pay_demo001208
1993,ORD01199,P020,C0245,1,999,2026-05-06T06:00:00,pay_demo001208
1994,ORD01200,P018,C0245,1,899,2026-02-05T00:00:00,pay_demo001209
1995,ORD01200,P019,C0245,1,1299,2026-02-05T00:00:00,pay_demo001209
1996,ORD01201,P018,C0245,1,899,2026-05-31T11:00:00,pay_demo001210
1997,ORD01202,P016,C0245,1,1599,2026-05-28T11:00:00,pay_demo001211
1998,ORD01203,P017,C0245,2,4398,2026-07-23T16:00:00,pay_demo001212
1999,ORD01203,P018,C0245,2,1798,2026-07-23T16:00:00,pay_demo001212
2000,ORD01204,P001,C0246,2,2998,2026-02-02T20:00:00,pay_demo001213
2001,ORD01204,P002,C0246,1,599,2026-02-02T20:00:00,pay_demo001213
2002,ORD01204,P004,C0246,2,2398,2026-02-02T20:00:00,pay_demo001213
2003,ORD01205,P006,C0246,1,3999,2026-02-08T23:00:00,pay_demo001214
2004,ORD01205,P007,C0246,2,3798,2026-02-08T23:00:00,pay_demo001214
2005,ORD01205,P007,C0246,2,3798,2026-02-08T23:00:00,pay_demo001214
2006,ORD01206,P002,C0246,1,599,2026-03-16T06:00:00,pay_demo001215
2007,ORD01206,P001,C0246,2,2998,2026-03-16T06:00:00,pay_demo001215
2008,ORD01206,P005,C0246,1,1699,2026-03-16T06:00:00,pay_demo001215
2009,ORD01207,P006,C0246,1,3999,2025-12-30T02:00:00,pay_demo001216
2010,ORD01208,P007,C0246,1,1899,2026-05-18T23:00:00,pay_demo001217
2011,ORD01209,P029,C0247,1,549,2026-03-18T18:00:00,pay_demo001218
2012,ORD01210,P014,C0248,1,2499,2026-02-17T03:00:00,pay_demo001219
2013,ORD01211,P004,C0248,2,2398,2026-07-18T20:00:00,pay_demo001220
2014,ORD01211,P005,C0248,2,3398,2026-07-18T20:00:00,pay_demo001220
2015,ORD01212,P006,C0248,2,7998,2026-07-15T23:00:00,pay_demo001221
2016,ORD01213,P010,C0249,1,1299,2026-05-10T06:00:00,pay_demo001222
2017,ORD01213,P009,C0249,2,998,2026-05-10T06:00:00,pay_demo001222
2018,ORD01214,P012,C0249,1,649,2026-01-22T16:00:00,pay_demo001223
2019,ORD01215,P008,C0249,2,1598,2026-01-19T18:00:00,pay_demo001224
2020,ORD01215,P016,C0249,1,1599,2026-01-19T18:00:00,pay_demo001224
2021,ORD01216,P008,C0249,1,799,2026-08-24T17:00:00,pay_demo001225
2022,ORD01216,P008,C0249,2,1598,2026-08-24T17:00:00,pay_demo001225
2023,ORD01217,P008,C0249,2,1598,2026-04-02T19:00:00,pay_demo001226
2024,ORD01218,P024,C0249,1,2299,2026-07-02T17:00:00,pay_demo001227
2025,ORD01219,P002,C0250,1,599,2026-03-15T11:00:00,pay_demo001228
2026,ORD01219,P001,C0250,1,1499,2026-03-15T11:00:00,pay_demo001228
2027,ORD01220,P005,C0250,1,1699,2026-06-05T07:00:00,pay_demo001229
2028,ORD01220,P010,C0250,2,2598,2026-06-05T07:00:00,pay_demo001229
2029,ORD01220,P031,C0250,1,379,2026-06-05T07:00:00,pay_demo001229
2030,ORD01221,P005,C0250,1,1699,2026-02-22T05:00:00,pay_demo001230
2031,ORD01222,P027,C0251,1,399,2026-02-16T20:00:00,pay_demo001231
2032,ORD01223,P019,C0251,1,1299,2026-04-22T04:00:00,pay_demo001232
2033,ORD01224,P027,C0251,1,399,2026-08-07T10:00:00,pay_demo001233
2034,ORD01224,P025,C0251,2,1798,2026-08-07T10:00:00,pay_demo001233
2035,ORD01225,P012,C0252,1,649,2026-08-23T17:00:00,pay_demo001234
2036,ORD01225,P009,C0252,1,499,2026-08-23T17:00:00,pay_demo001234
2037,ORD01226,P013,C0252,2,598,2026-09-05T16:00:00,pay_demo001235
2038,ORD01227,P029,C0252,1,549,2026-09-13T17:00:00,pay_demo001236
2039,ORD01227,P027,C0252,1,399,2026-09-13T17:00:00,pay_demo001236
2040,ORD01227,P031,C0252,1,379,2026-09-13T17:00:00,pay_demo001236
2041,ORD01228,P013,C0252,1,299,2026-05-31T09:00:00,pay_demo001237
2042,ORD01229,P011,C0252,1,349,2026-02-24T08:00:00,pay_demo001238
2043,ORD01230,P025,C0253,2,1798,2026-07-14T20:00:00,pay_demo001239
2044,ORD01231,P002,C0253,2,1198,2026-06-01T19:00:00,pay_demo001240
2045,ORD01232,P010,C0253,2,2598,2026-06-11T10:00:00,pay_demo001241
2046,ORD01233,P008,C0253,1,799,2026-01-23T12:00:00,pay_demo001242
2047,ORD01234,P010,C0253,2,2598,2026-08-31T03:00:00,pay_demo001243
2048,ORD01234,P021,C0253,1,1399,2026-08-31T03:00:00,pay_demo001243
2049,ORD01234,P024,C0253,1,2299,2026-08-31T03:00:00,pay_demo001243
2050,ORD01235,P022,C0253,1,749,2026-07-04T06:00:00,pay_demo001244
2051,ORD01235,P022,C0253,1,749,2026-07-04T06:00:00,pay_demo001244
2052,ORD01236,P023,C0253,1,549,2026-08-22T06:00:00,pay_demo001245
2053,ORD01236,P029,C0253,2,1098,2026-08-22T06:00:00,pay_demo001245
2054,ORD01236,P020,C0253,1,999,2026-08-22T06:00:00,pay_demo001245
2055,ORD01237,P022,C0253,1,749,2026-07-24T16:00:00,pay_demo001246
2056,ORD01237,P015,C0253,2,9998,2026-07-24T16:00:00,pay_demo001246
2057,ORD01238,P030,C0253,1,1199,2025-12-05T02:00:00,pay_demo001247
2058,ORD01238,P023,C0253,1,549,2025-12-05T02:00:00,pay_demo001247
2059,ORD01239,P022,C0253,2,1498,2026-07-06T08:00:00,pay_demo001248
2060,ORD01240,P009,C0254,2,998,2026-02-24T16:00:00,pay_demo001249
2061,ORD01241,P018,C0254,1,899,2026-01-14T09:00:00,pay_demo001250
2062,ORD01241,P014,C0254,2,4998,2026-01-14T09:00:00,pay_demo001250
2063,ORD01242,P009,C0254,1,499,2026-08-13T22:00:00,pay_demo001251
2064,ORD01242,P014,C0254,1,2499,2026-08-13T22:00:00,pay_demo001251
2065,ORD01242,P018,C0254,2,1798,2026-08-13T22:00:00,pay_demo001251
2066,ORD01243,P014,C0254,1,2499,2026-02-09T02:00:00,pay_demo001252
2067,ORD01243,P014,C0254,1,2499,2026-02-09T02:00:00,pay_demo001252
2068,ORD01244,P006,C0254,1,3999,2026-08-26T20:00:00,pay_demo001253
2069,ORD01245,P018,C0254,1,899,2026-06-04T04:00:00,pay_demo001254
2070,ORD01246,P010,C0254,1,1299,2026-04-16T09:00:00,pay_demo001255
2071,ORD01246,P017,C0254,2,4398,2026-04-16T09:00:00,pay_demo001255
2072,ORD01247,P017,C0254,2,4398,2025-12-21T08:00:00,pay_demo001256
2073,ORD01247,P015,C0254,1,4999,2025-12-21T08:00:00,pay_demo001256
2074,ORD01248,P012,C0254,2,1298,2026-04-03T09:00:00,pay_demo001257
2075,ORD01249,P014,C0254,1,2499,2026-05-08T06:00:00,pay_demo001258
2076,ORD01250,P007,C0255,1,1899,2026-05-16T03:00:00,pay_demo001259
2077,ORD01250,P017,C0255,1,2199,2026-05-16T03:00:00,pay_demo001259
2078,ORD01251,P030,C0256,1,1199,2026-05-13T21:00:00,pay_demo001260
2079,ORD01251,P027,C0256,2,798,2026-05-13T21:00:00,pay_demo001260
2080,ORD01252,P028,C0257,1,299,2025-12-04T17:00:00,pay_demo001261
2081,ORD01253,P031,C0257,1,379,2026-07-09T06:00:00,pay_demo001262
2082,ORD01253,P029,C0257,1,549,2026-07-09T06:00:00,pay_demo001262
2083,ORD01254,P003,C0257,1,2799,2026-07-18T07:00:00,pay_demo001263
2084,ORD01255,P026,C0257,1,449,2026-02-07T12:00:00,pay_demo001264
2085,ORD01256,P027,C0257,1,399,2026-08-09T09:00:00,pay_demo001265
2086,ORD01256,P026,C0257,1,449,2026-08-09T09:00:00,pay_demo001265
2087,ORD01256,P015,C0257,2,9998,2026-08-09T09:00:00,pay_demo001265
2088,ORD01257,P026,C0257,1,449,2026-09-10T00:00:00,pay_demo001266
2089,ORD01257,P031,C0257,1,379,2026-09-10T00:00:00,pay_demo001266
2090,ORD01257,P026,C0257,2,898,2026-09-10T00:00:00,pay_demo001266
2091,ORD01258,P028,C0257,1,299,2026-08-18T00:00:00,pay_demo001267
2092,ORD01258,P029,C0257,1,549,2026-08-18T00:00:00,pay_demo001267
2093,ORD01258,P029,C0257,2,1098,2026-08-18T00:00:00,pay_demo001267
2094,ORD01259,P031,C0258,1,379,2026-07-01T08:00:00,pay_demo001268
2095,ORD01259,P029,C0258,2,1098,2026-07-01T08:00:00,pay_demo001268
2096,ORD01260,P026,C0258,1,449,2026-04-30T10:00:00,pay_demo001269
2097,ORD01260,P030,C0258,1,1199,2026-04-30T10:00:00,pay_demo001269
2098,ORD01261,P030,C0258,1,1199,2026-07-02T04:00:00,pay_demo001270
2099,ORD01262,P015,C0259,2,9998,2026-06-12T20:00:00,pay_demo001271
2100,ORD01262,P019,C0259,2,2598,2026-06-12T20:00:00,pay_demo001271
2101,ORD01262,P016,C0259,1,1599,2026-06-12T20:00:00,pay_demo001271
2102,ORD01263,P003,C0259,1,2799,2025-12-04T04:00:00,pay_demo001272
2103,ORD01264,P018,C0259,2,1798,2026-03-24T12:00:00,pay_demo001273
2104,ORD01264,P017,C0259,1,2199,2026-03-24T12:00:00,pay_demo001273
2105,ORD01265,P007,C0259,1,1899,2026-08-20T07:00:00,pay_demo001274
2106,ORD01265,P012,C0259,1,649,2026-08-20T07:00:00,pay_demo001274
2107,ORD01266,P014,C0259,1,2499,2026-08-14T21:00:00,pay_demo001275
2108,ORD01267,P011,C0259,1,349,2026-03-05T06:00:00,pay_demo001276
2109,ORD01267,P016,C0259,1,1599,2026-03-05T06:00:00,pay_demo001276
2110,ORD01267,P017,C0259,1,2199,2026-03-05T06:00:00,pay_demo001276
2111,ORD01268,P021,C0260,1,1399,2026-09-15T06:00:00,pay_demo001277
2112,ORD01268,P023,C0260,1,549,2026-09-15T06:00:00,pay_demo001277
2113,ORD01269,P016,C0260,1,1599,2025-11-16T23:00:00,pay_demo001278
2114,ORD01270,P024,C0260,1,2299,2026-08-04T19:00:00,pay_demo001279
2115,ORD01271,P010,C0260,1,1299,2026-08-31T21:00:00,pay_demo001280
2116,ORD01272,P024,C0260,2,4598,2026-07-01T03:00:00,pay_demo001281
2117,ORD01273,P025,C0260,1,899,2026-06-06T06:00:00,pay_demo001282
2118,ORD01274,P023,C0260,1,549,2025-10-31T19:00:00,pay_demo001283
2119,ORD01274,P022,C0260,1,749,2025-10-31T19:00:00,pay_demo001283
2120,ORD01274,P024,C0260,2,4598,2025-10-31T19:00:00,pay_demo001283
2121,ORD01275,P022,C0260,1,749,2026-03-15T08:00:00,pay_demo001284
2122,ORD01275,P023,C0260,1,549,2026-03-15T08:00:00,pay_demo001284
2123,ORD01276,P023,C0260,1,549,2026-05-04T23:00:00,pay_demo001285
2124,ORD01276,P004,C0260,1,1199,2026-05-04T23:00:00,pay_demo001285
2125,ORD01277,P021,C0260,1,1399,2026-08-13T06:00:00,pay_demo001286
2126,ORD01277,P020,C0260,2,1998,2026-08-13T06:00:00,pay_demo001286
2127,ORD01278,P016,C0260,1,1599,2026-09-01T23:00:00,pay_demo001287
2128,ORD01279,P020,C0260,1,999,2026-04-23T18:00:00,pay_demo001288
2129,ORD01279,P016,C0260,2,3198,2026-04-23T18:00:00,pay_demo001288
2130,ORD01279,P006,C0260,1,3999,2026-04-23T18:00:00,pay_demo001288
2131,ORD01280,P029,C0260,1,549,2025-11-30T19:00:00,pay_demo001289
2132,ORD01280,P024,C0260,1,2299,2025-11-30T19:00:00,pay_demo001289
2133,ORD01281,P023,C0260,1,549,2026-02-26T07:00:00,pay_demo001290
2134,ORD01282,P029,C0260,1,549,2025-12-07T02:00:00,pay_demo001291
2135,ORD01282,P021,C0260,1,1399,2025-12-07T02:00:00,pay_demo001291
2136,ORD01283,P023,C0260,1,549,2026-09-11T01:00:00,pay_demo001292
2137,ORD01283,P025,C0260,1,899,2026-09-11T01:00:00,pay_demo001292
2138,ORD01284,P020,C0261,1,999,2026-03-13T11:00:00,pay_demo001293
2139,ORD01285,P024,C0261,1,2299,2026-08-01T08:00:00,pay_demo001294
2140,ORD01285,P023,C0261,2,1098,2026-08-01T08:00:00,pay_demo001294
2141,ORD01285,P021,C0261,2,2798,2026-08-01T08:00:00,pay_demo001294
2142,ORD01286,P010,C0262,1,1299,2025-11-05T16:00:00,pay_demo001295
2143,ORD01286,P024,C0262,1,2299,2025-11-05T16:00:00,pay_demo001295
2144,ORD01286,P021,C0262,1,1399,2025-11-05T16:00:00,pay_demo001295
2145,ORD01287,P021,C0262,1,1399,2026-05-22T09:00:00,pay_demo001296
2146,ORD01288,P009,C0262,1,499,2026-05-09T08:00:00,pay_demo001297
2147,ORD01289,P011,C0262,1,349,2026-01-29T11:00:00,pay_demo001298
2148,ORD01290,P022,C0262,1,749,2026-05-23T23:00:00,pay_demo001299
2149,ORD01291,P021,C0263,2,2798,2025-12-01T17:00:00,pay_demo001301
2150,ORD01291,P015,C0263,1,4999,2025-12-01T17:00:00,pay_demo001301
2151,ORD01292,P023,C0263,2,1098,2026-05-25T01:00:00,pay_demo001302
2152,ORD01292,P024,C0263,1,2299,2026-05-25T01:00:00,pay_demo001302
2153,ORD01293,P020,C0263,1,999,2026-09-12T10:00:00,pay_demo001303
2154,ORD01294,P002,C0263,2,1198,2026-02-20T03:00:00,pay_demo001304
2155,ORD01294,P022,C0263,1,749,2026-02-20T03:00:00,pay_demo001304
2156,ORD01295,P015,C0263,1,4999,2026-06-02T06:00:00,pay_demo001305
2157,ORD01296,P026,C0264,1,449,2026-02-02T23:00:00,pay_demo001306
2158,ORD01297,P010,C0264,1,1299,2026-05-24T01:00:00,pay_demo001307
2159,ORD01298,P010,C0264,1,1299,2026-02-02T03:00:00,pay_demo001308
2160,ORD01299,P026,C0264,1,449,2026-08-18T03:00:00,pay_demo001309
2161,ORD01300,P012,C0264,1,649,2026-02-02T08:00:00,pay_demo001310
2162,ORD01300,P022,C0264,1,749,2026-02-02T08:00:00,pay_demo001310
2163,ORD01300,P011,C0264,2,698,2026-02-02T08:00:00,pay_demo001310
2164,ORD01301,P010,C0265,1,1299,2026-07-19T10:00:00,pay_demo001311
2165,ORD01302,P029,C0265,1,549,2026-09-06T00:00:00,pay_demo001312
2166,ORD01303,P028,C0265,1,299,2026-01-14T19:00:00,pay_demo001313
2167,ORD01303,P029,C0265,1,549,2026-01-14T19:00:00,pay_demo001313
2168,ORD01304,P030,C0265,2,2398,2026-01-11T04:00:00,pay_demo001314
2169,ORD01304,P018,C0265,2,1798,2026-01-11T04:00:00,pay_demo001314
2170,ORD01304,P026,C0265,1,449,2026-01-11T04:00:00,pay_demo001314
2171,ORD01305,P026,C0265,1,449,2025-11-22T01:00:00,pay_demo001315
2172,ORD01305,P028,C0265,1,299,2025-11-22T01:00:00,pay_demo001315
2173,ORD01306,P007,C0265,1,1899,2026-02-16T22:00:00,pay_demo001316
2174,ORD01306,P030,C0265,2,2398,2026-02-16T22:00:00,pay_demo001316
2175,ORD01307,P024,C0265,2,4598,2026-08-20T22:00:00,pay_demo001317
2176,ORD01308,P009,C0265,2,998,2025-11-16T00:00:00,pay_demo001318
2177,ORD01308,P030,C0265,1,1199,2025-11-16T00:00:00,pay_demo001318
2178,ORD01309,P007,C0265,1,1899,2026-01-13T16:00:00,pay_demo001319
2179,ORD01310,P020,C0265,2,1998,2026-08-18T21:00:00,pay_demo001320
2180,ORD01311,P029,C0265,1,549,2026-04-01T10:00:00,pay_demo001321
2181,ORD01312,P031,C0265,1,379,2025-11-12T08:00:00,pay_demo001322
2182,ORD01313,P012,C0266,1,649,2026-04-27T16:00:00,pay_demo001323
2183,ORD01314,P013,C0266,1,299,2026-04-23T08:00:00,pay_demo001324
2184,ORD01314,P030,C0266,2,2398,2026-04-23T08:00:00,pay_demo001324
2185,ORD01314,P009,C0266,1,499,2026-04-23T08:00:00,pay_demo001324
2186,ORD01315,P010,C0266,1,1299,2026-04-30T03:00:00,pay_demo001325
2187,ORD01315,P010,C0266,1,1299,2026-04-30T03:00:00,pay_demo001325
2188,ORD01315,P013,C0266,1,299,2026-04-30T03:00:00,pay_demo001325
2189,ORD01316,P019,C0266,1,1299,2026-02-01T01:00:00,pay_demo001326
2190,ORD01317,P025,C0266,2,1798,2026-08-06T20:00:00,pay_demo001327
2191,ORD01318,P007,C0267,1,1899,2026-09-04T12:00:00,pay_demo001328
2192,ORD01319,P018,C0268,1,899,2026-09-04T00:00:00,pay_demo001329
2193,ORD01319,P017,C0268,1,2199,2026-09-04T00:00:00,pay_demo001329
2194,ORD01320,P014,C0268,1,2499,2026-02-10T11:00:00,pay_demo001330
2195,ORD01321,P003,C0268,1,2799,2026-04-20T03:00:00,pay_demo001331
2196,ORD01321,P010,C0268,2,2598,2026-04-20T03:00:00,pay_demo001331
2197,ORD01321,P016,C0268,1,1599,2026-04-20T03:00:00,pay_demo001331
2198,ORD01322,P017,C0268,2,4398,2026-06-27T08:00:00,pay_demo001332
2199,ORD01322,P011,C0268,1,349,2026-06-27T08:00:00,pay_demo001332
2200,ORD01322,P026,C0268,1,449,2026-06-27T08:00:00,pay_demo001332
2201,ORD01323,P025,C0269,1,899,2026-09-07T08:00:00,pay_demo001333
2202,ORD01324,P021,C0269,1,1399,2026-09-01T19:00:00,pay_demo001334
2203,ORD01325,P023,C0269,2,1098,2026-05-14T11:00:00,pay_demo001335
2204,ORD01325,P028,C0269,1,299,2026-05-14T11:00:00,pay_demo001335
2205,ORD01325,P008,C0269,2,1598,2026-05-14T11:00:00,pay_demo001335
2206,ORD01326,P023,C0269,1,549,2026-08-24T22:00:00,pay_demo001336
2207,ORD01326,P025,C0269,1,899,2026-08-24T22:00:00,pay_demo001336
2208,ORD01326,P020,C0269,1,999,2026-08-24T22:00:00,pay_demo001336
2209,ORD01327,P022,C0269,2,1498,2026-05-30T22:00:00,pay_demo001337
2210,ORD01328,P020,C0269,1,999,2026-02-25T08:00:00,pay_demo001338
2211,ORD01329,P021,C0269,2,2798,2026-01-19T01:00:00,pay_demo001339
2212,ORD01329,P023,C0269,1,549,2026-01-19T01:00:00,pay_demo001339
2213,ORD01330,P020,C0269,1,999,2026-03-30T04:00:00,pay_demo001340
2214,ORD01330,P020,C0269,1,999,2026-03-30T04:00:00,pay_demo001340
2215,ORD01331,P006,C0270,1,3999,2026-07-20T16:00:00,pay_demo001341
2216,ORD01332,P022,C0271,1,749,2026-03-01T19:00:00,pay_demo001342
2217,ORD01332,P023,C0271,2,1098,2026-03-01T19:00:00,pay_demo001342
2218,ORD01333,P029,C0271,1,549,2026-06-21T12:00:00,pay_demo001343
2219,ORD01333,P008,C0271,1,799,2026-06-21T12:00:00,pay_demo001343
2220,ORD01333,P015,C0271,1,4999,2026-06-21T12:00:00,pay_demo001343
2221,ORD01334,P011,C0271,1,349,2026-05-16T10:00:00,pay_demo001344
2222,ORD01335,P021,C0272,1,1399,2026-07-03T06:00:00,pay_demo001345
2223,ORD01335,P001,C0272,1,1499,2026-07-03T06:00:00,pay_demo001345
2224,ORD01336,P001,C0272,2,2998,2026-04-20T08:00:00,pay_demo001346
2225,ORD01336,P007,C0272,1,1899,2026-04-20T08:00:00,pay_demo001346
2226,ORD01337,P005,C0272,1,1699,2026-05-27T11:00:00,pay_demo001347
2227,ORD01337,P002,C0272,1,599,2026-05-27T11:00:00,pay_demo001347
2228,ORD01338,P005,C0272,2,3398,2026-06-24T10:00:00,pay_demo001348
2229,ORD01339,P007,C0272,1,1899,2026-04-02T05:00:00,pay_demo001349
2230,ORD01339,P005,C0272,1,1699,2026-04-02T05:00:00,pay_demo001349
2231,ORD01339,P005,C0272,2,3398,2026-04-02T05:00:00,pay_demo001349
2232,ORD01340,P002,C0273,1,599,2025-11-05T20:00:00,pay_demo001350
2233,ORD01340,P005,C0273,1,1699,2025-11-05T20:00:00,pay_demo001350
2234,ORD01340,P024,C0273,1,2299,2025-11-05T20:00:00,pay_demo001350
2235,ORD01341,P006,C0273,2,7998,2026-03-10T01:00:00,pay_demo001351
2236,ORD01342,P003,C0273,2,5598,2026-08-24T10:00:00,pay_demo001352
2237,ORD01343,P024,C0273,1,2299,2026-03-19T20:00:00,pay_demo001353
2238,ORD01343,P006,C0273,1,3999,2026-03-19T20:00:00,pay_demo001353
2239,ORD01344,P001,C0273,1,1499,2026-01-29T06:00:00,pay_demo001354
2240,ORD01345,P006,C0273,2,7998,2026-05-14T06:00:00,pay_demo001355
2241,ORD01346,P004,C0273,2,2398,2026-02-16T17:00:00,pay_demo001356
2242,ORD01347,P027,C0273,2,798,2026-01-23T12:00:00,pay_demo001357
2243,ORD01348,P002,C0273,2,1198,2026-04-26T19:00:00,pay_demo001358
2244,ORD01348,P012,C0273,1,649,2026-04-26T19:00:00,pay_demo001358
2245,ORD01349,P005,C0273,2,3398,2026-06-09T22:00:00,pay_demo001359
2246,ORD01350,P007,C0273,1,1899,2026-06-21T10:00:00,pay_demo001360
2247,ORD01350,P006,C0273,1,3999,2026-06-21T10:00:00,pay_demo001360
2248,ORD01351,P007,C0273,1,1899,2026-02-18T05:00:00,pay_demo001361
2249,ORD01352,P003,C0273,2,5598,2026-07-04T00:00:00,pay_demo001362
2250,ORD01353,P004,C0273,2,2398,2026-04-08T20:00:00,pay_demo001363
2251,ORD01353,P003,C0273,1,2799,2026-04-08T20:00:00,pay_demo001363
2252,ORD01354,P001,C0273,2,2998,2026-05-12T09:00:00,pay_demo001364
2253,ORD01355,P005,C0273,2,3398,2026-09-11T12:00:00,pay_demo001365
2254,ORD01355,P008,C0273,1,799,2026-09-11T12:00:00,pay_demo001365
2255,ORD01356,P004,C0273,1,1199,2026-04-20T05:00:00,pay_demo001366
2256,ORD01356,P001,C0273,2,2998,2026-04-20T05:00:00,pay_demo001366
2257,ORD01357,P004,C0273,1,1199,2026-05-01T12:00:00,pay_demo001367
2258,ORD01357,P005,C0273,1,1699,2026-05-01T12:00:00,pay_demo001367
2259,ORD01358,P027,C0274,1,399,2026-03-09T10:00:00,pay_demo001368
2260,ORD01358,P029,C0274,1,549,2026-03-09T10:00:00,pay_demo001368
2261,ORD01359,P022,C0274,2,1498,2026-02-15T04:00:00,pay_demo001369
2262,ORD01359,P027,C0274,2,798,2026-02-15T04:00:00,pay_demo001369
2263,ORD01359,P031,C0274,1,379,2026-02-15T04:00:00,pay_demo001369
2264,ORD01360,P026,C0274,2,898,2025-12-20T04:00:00,pay_demo001370
2265,ORD01361,P008,C0274,2,1598,2026-08-27T10:00:00,pay_demo001371
2266,ORD01361,P005,C0274,1,1699,2026-08-27T10:00:00,pay_demo001371
2267,ORD01361,P026,C0274,1,449,2026-08-27T10:00:00,pay_demo001371
2268,ORD01362,P029,C0274,2,1098,2026-04-07T10:00:00,pay_demo001372
2269,ORD01363,P029,C0274,1,549,2026-02-27T19:00:00,pay_demo001373
2270,ORD01363,P031,C0274,1,379,2026-02-27T19:00:00,pay_demo001373
2271,ORD01364,P026,C0274,1,449,2026-08-24T22:00:00,pay_demo001374
2272,ORD01364,P027,C0274,1,399,2026-08-24T22:00:00,pay_demo001374
2273,ORD01365,P001,C0274,1,1499,2025-12-08T22:00:00,pay_demo001375
2274,ORD01366,P030,C0274,1,1199,2025-10-31T16:00:00,pay_demo001376
2275,ORD01367,P028,C0274,1,299,2026-07-03T20:00:00,pay_demo001377
2276,ORD01368,P029,C0274,1,549,2026-01-18T12:00:00,pay_demo001378
2277,ORD01368,P030,C0274,2,2398,2026-01-18T12:00:00,pay_demo001378
2278,ORD01369,P027,C0274,2,798,2026-06-13T01:00:00,pay_demo001379
2279,ORD01369,P021,C0274,1,1399,2026-06-13T01:00:00,pay_demo001379
2280,ORD01370,P031,C0274,1,379,2025-11-09T12:00:00,pay_demo001380
2281,ORD01371,P031,C0274,1,379,2026-04-23T16:00:00,pay_demo001381
2282,ORD01372,P029,C0274,1,549,2026-07-03T09:00:00,pay_demo001382
2283,ORD01372,P004,C0274,1,1199,2026-07-03T09:00:00,pay_demo001382
2284,ORD01373,P026,C0274,1,449,2026-04-27T19:00:00,pay_demo001383
2285,ORD01373,P031,C0274,1,379,2026-04-27T19:00:00,pay_demo001383
2286,ORD01374,P027,C0274,1,399,2026-09-19T03:00:00,pay_demo001384
2287,ORD01375,P028,C0274,1,299,2026-04-12T04:00:00,pay_demo001385
2288,ORD01375,P029,C0274,1,549,2026-04-12T04:00:00,pay_demo001385
2289,ORD01376,P027,C0274,1,399,2026-03-25T08:00:00,pay_demo001386
2290,ORD01377,P029,C0274,1,549,2026-06-25T05:00:00,pay_demo001387
2291,ORD01378,P027,C0274,1,399,2026-01-25T06:00:00,pay_demo001388
2292,ORD01379,P002,C0275,2,1198,2026-03-27T22:00:00,pay_demo001389
2293,ORD01379,P005,C0275,2,3398,2026-03-27T22:00:00,pay_demo001389
2294,ORD01380,P007,C0275,1,1899,2026-04-06T08:00:00,pay_demo001390
2295,ORD01381,P005,C0275,1,1699,2026-04-25T00:00:00,pay_demo001391
2296,ORD01381,P004,C0275,1,1199,2026-04-25T00:00:00,pay_demo001391
2297,ORD01381,P013,C0275,1,299,2026-04-25T00:00:00,pay_demo001391
2298,ORD01382,P010,C0276,1,1299,2026-05-05T11:00:00,pay_demo001392
2299,ORD01383,P017,C0277,1,2199,2025-11-20T09:00:00,pay_demo001393
2300,ORD01384,P029,C0278,1,549,2026-03-04T16:00:00,pay_demo001394
2301,ORD01384,P031,C0278,1,379,2026-03-04T16:00:00,pay_demo001394
2302,ORD01385,P008,C0279,1,799,2026-04-18T07:00:00,pay_demo001395
2303,ORD01386,P019,C0280,1,1299,2026-09-15T16:00:00,pay_demo001396
2304,ORD01387,P024,C0280,1,2299,2025-12-09T01:00:00,pay_demo001397
2305,ORD01387,P030,C0280,1,1199,2025-12-09T01:00:00,pay_demo001397
2306,ORD01388,P028,C0280,1,299,2026-03-09T06:00:00,pay_demo001398
2307,ORD01389,P027,C0280,1,399,2026-06-09T09:00:00,pay_demo001399
2308,ORD01389,P029,C0280,1,549,2026-06-09T09:00:00,pay_demo001399
2309,ORD01389,P031,C0280,1,379,2026-06-09T09:00:00,pay_demo001399
2310,ORD01390,P028,C0280,1,299,2026-07-04T11:00:00,pay_demo001400
2311,ORD01390,P028,C0280,1,299,2026-07-04T11:00:00,pay_demo001400
2312,ORD01391,P026,C0280,2,898,2026-01-21T07:00:00,pay_demo001401
2313,ORD01392,P023,C0280,1,549,2025-11-16T01:00:00,pay_demo001402
2314,ORD01393,P030,C0280,1,1199,2026-07-02T17:00:00,pay_demo001403
2315,ORD01394,P002,C0280,1,599,2025-11-05T17:00:00,pay_demo001404
2316,ORD01394,P001,C0280,1,1499,2025-11-05T17:00:00,pay_demo001404
2317,ORD01395,P006,C0280,2,7998,2026-07-07T10:00:00,pay_demo001405
2318,ORD01396,P028,C0280,2,598,2025-11-08T19:00:00,pay_demo001406
2319,ORD01397,P026,C0280,1,449,2025-11-10T23:00:00,pay_demo001407
2320,ORD01397,P027,C0280,1,399,2025-11-10T23:00:00,pay_demo001407
2321,ORD01398,P012,C0280,1,649,2026-03-30T08:00:00,pay_demo001408
2322,ORD01398,P030,C0280,1,1199,2026-03-30T08:00:00,pay_demo001408
2323,ORD01398,P029,C0280,1,549,2026-03-30T08:00:00,pay_demo001408
2324,ORD01399,P006,C0280,1,3999,2026-02-10T16:00:00,pay_demo001409
2325,ORD01400,P014,C0280,2,4998,2026-04-04T21:00:00,pay_demo001410
2326,ORD01401,P030,C0281,1,1199,2026-02-27T20:00:00,pay_demo001411
2327,ORD01402,P014,C0281,1,2499,2026-04-14T00:00:00,pay_demo001412
2328,ORD01403,P028,C0281,1,299,2026-09-19T19:00:00,pay_demo001413
2329,ORD01403,P030,C0281,1,1199,2026-09-19T19:00:00,pay_demo001413
2330,ORD01404,P026,C0281,1,449,2025-12-23T01:00:00,pay_demo001414
2331,ORD01404,P026,C0281,2,898,2025-12-23T01:00:00,pay_demo001414
2332,ORD01405,P031,C0281,1,379,2026-04-26T23:00:00,pay_demo001415
2333,ORD01406,P031,C0281,1,379,2026-09-13T19:00:00,pay_demo001416
2334,ORD01406,P031,C0281,1,379,2026-09-13T19:00:00,pay_demo001416
2335,ORD01406,P013,C0281,1,299,2026-09-13T19:00:00,pay_demo001416
2336,ORD01407,P007,C0282,2,3798,2026-05-31T02:00:00,pay_demo001417
2337,ORD01408,P007,C0283,1,1899,2026-06-16T05:00:00,pay_demo001418
2338,ORD01409,P004,C0284,2,2398,2026-01-15T19:00:00,pay_demo001419
2339,ORD01409,P006,C0284,1,3999,2026-01-15T19:00:00,pay_demo001419
2340,ORD01410,P001,C0284,1,1499,2026-07-13T23:00:00,pay_demo001420
2341,ORD01410,P007,C0284,1,1899,2026-07-13T23:00:00,pay_demo001420
2342,ORD01410,P002,C0284,1,599,2026-07-13T23:00:00,pay_demo001420
2343,ORD01411,P006,C0284,1,3999,2026-03-16T17:00:00,pay_demo001421
2344,ORD01412,P005,C0284,1,1699,2026-04-21T11:00:00,pay_demo001422
2345,ORD01413,P026,C0284,1,449,2026-03-05T22:00:00,pay_demo001423
2346,ORD01414,P006,C0284,1,3999,2026-09-07T18:00:00,pay_demo001424
2347,ORD01414,P001,C0284,1,1499,2026-09-07T18:00:00,pay_demo001424
2348,ORD01414,P003,C0284,2,5598,2026-09-07T18:00:00,pay_demo001424
2349,ORD01415,P026,C0285,1,449,2026-09-07T02:00:00,pay_demo001425
2350,ORD01416,P002,C0285,1,599,2026-08-29T04:00:00,pay_demo001426
2351,ORD01417,P004,C0286,1,1199,2026-09-14T07:00:00,pay_demo001427
2352,ORD01417,P030,C0286,1,1199,2026-09-14T07:00:00,pay_demo001427
2353,ORD01418,P018,C0286,1,899,2026-08-31T05:00:00,pay_demo001428
2354,ORD01418,P010,C0286,1,1299,2026-08-31T05:00:00,pay_demo001428
2355,ORD01419,P007,C0287,1,1899,2026-05-26T23:00:00,pay_demo001429
2356,ORD01420,P016,C0287,1,1599,2026-07-20T07:00:00,pay_demo001430
2357,ORD01420,P006,C0287,1,3999,2026-07-20T07:00:00,pay_demo001430
2358,ORD01420,P005,C0287,1,1699,2026-07-20T07:00:00,pay_demo001430
2359,ORD01421,P005,C0287,2,3398,2026-06-04T03:00:00,pay_demo001431
2360,ORD01422,P003,C0287,2,5598,2026-08-16T19:00:00,pay_demo001432
2361,ORD01422,P008,C0287,1,799,2026-08-16T19:00:00,pay_demo001432
2362,ORD01423,P003,C0287,1,2799,2026-05-01T21:00:00,pay_demo001433
2363,ORD01424,P017,C0288,1,2199,2026-09-26T02:00:00,pay_demo001434
2364,ORD01425,P022,C0288,1,749,2026-09-07T19:00:00,pay_demo001435
2365,ORD01425,P003,C0288,1,2799,2026-09-07T19:00:00,pay_demo001435
2366,ORD01426,P010,C0289,2,2598,2026-08-24T18:00:00,pay_demo001436
2367,ORD01426,P030,C0289,1,1199,2026-08-24T18:00:00,pay_demo001436
2368,ORD01427,P007,C0289,1,1899,2026-09-13T12:00:00,pay_demo001437
2369,ORD01427,P009,C0289,1,499,2026-09-13T12:00:00,pay_demo001437
2370,ORD01427,P013,C0289,1,299,2026-09-13T12:00:00,pay_demo001437
2371,ORD01428,P010,C0290,1,1299,2026-09-16T17:00:00,pay_demo001438
2372,ORD01429,P031,C0291,2,758,2026-06-14T00:00:00,pay_demo001439
2373,ORD01429,P007,C0291,2,3798,2026-06-14T00:00:00,pay_demo001439
2374,ORD01430,P030,C0291,1,1199,2025-12-12T16:00:00,pay_demo001440
2375,ORD01431,P030,C0291,2,2398,2025-12-20T23:00:00,pay_demo001441
2376,ORD01431,P029,C0291,1,549,2025-12-20T23:00:00,pay_demo001441
2377,ORD01432,P018,C0291,1,899,2026-04-05T11:00:00,pay_demo001442
2378,ORD01433,P030,C0291,1,1199,2026-06-23T23:00:00,pay_demo001443
2379,ORD01434,P027,C0291,1,399,2025-12-18T12:00:00,pay_demo001444
2380,ORD01434,P028,C0291,1,299,2025-12-18T12:00:00,pay_demo001444
2381,ORD01435,P026,C0291,1,449,2026-06-05T19:00:00,pay_demo001445
2382,ORD01436,P018,C0291,1,899,2026-05-13T05:00:00,pay_demo001446
2383,ORD01436,P028,C0291,1,299,2026-05-13T05:00:00,pay_demo001446
2384,ORD01437,P006,C0292,1,3999,2026-06-20T00:00:00,pay_demo001447
2385,ORD01437,P029,C0292,1,549,2026-06-20T00:00:00,pay_demo001447
2386,ORD01438,P006,C0293,1,3999,2026-01-29T18:00:00,pay_demo001448
2387,ORD01438,P023,C0293,1,549,2026-01-29T18:00:00,pay_demo001448
2388,ORD01438,P016,C0293,2,3198,2026-01-29T18:00:00,pay_demo001448
2389,ORD01439,P008,C0293,1,799,2026-05-31T22:00:00,pay_demo001449
2390,ORD01440,P014,C0293,1,2499,2026-02-18T09:00:00,pay_demo001450
2391,ORD01441,P022,C0293,2,1498,2025-11-30T12:00:00,pay_demo001451
2392,ORD01442,P024,C0293,1,2299,2025-11-29T09:00:00,pay_demo001452
2393,ORD01442,P025,C0293,1,899,2025-11-29T09:00:00,pay_demo001452
2394,ORD01443,P011,C0294,1,349,2026-04-22T01:00:00,pay_demo001453
2395,ORD01444,P013,C0294,1,299,2026-06-15T11:00:00,pay_demo001454
2396,ORD01445,P012,C0294,1,649,2026-04-30T09:00:00,pay_demo001455
2397,ORD01446,P011,C0294,1,349,2026-05-05T09:00:00,pay_demo001456
2398,ORD01447,P010,C0294,1,1299,2026-07-07T02:00:00,pay_demo001457
2399,ORD01448,P012,C0294,1,649,2026-05-10T10:00:00,pay_demo001458
2400,ORD01449,P010,C0294,1,1299,2026-05-02T10:00:00,pay_demo001459
2401,ORD01449,P009,C0294,1,499,2026-05-02T10:00:00,pay_demo001459
2402,ORD01450,P012,C0295,1,649,2026-08-27T06:00:00,pay_demo001460
2403,ORD01451,P013,C0295,2,598,2026-08-29T23:00:00,pay_demo001461
2404,ORD01452,P020,C0296,1,999,2026-06-28T01:00:00,pay_demo001462
2405,ORD01452,P011,C0296,1,349,2026-06-28T01:00:00,pay_demo001462
2406,ORD01453,P021,C0297,1,1399,2026-04-15T18:00:00,pay_demo001463
2407,ORD01454,P014,C0297,2,4998,2026-04-08T18:00:00,pay_demo001464
2408,ORD01454,P025,C0297,1,899,2026-04-08T18:00:00,pay_demo001464
2409,ORD01455,P020,C0297,1,999,2026-07-05T22:00:00,pay_demo001465
2410,ORD01455,P030,C0297,2,2398,2026-07-05T22:00:00,pay_demo001465
2411,ORD01456,P024,C0297,1,2299,2026-06-15T08:00:00,pay_demo001466
2412,ORD01457,P022,C0297,1,749,2025-12-08T10:00:00,pay_demo001467
2413,ORD01458,P007,C0297,1,1899,2025-11-28T08:00:00,pay_demo001468
2414,ORD01459,P011,C0298,2,698,2026-01-25T09:00:00,pay_demo001469
2415,ORD01459,P013,C0298,2,598,2026-01-25T09:00:00,pay_demo001469
2416,ORD01460,P005,C0299,1,1699,2026-09-10T01:00:00,pay_demo001471
2417,ORD01461,P021,C0300,1,1399,2026-02-28T03:00:00,pay_demo001472
2418,ORD01462,P011,C0300,2,698,2026-08-24T08:00:00,pay_demo001473
2419,ORD01462,P011,C0300,1,349,2026-08-24T08:00:00,pay_demo001473
2420,ORD01463,P023,C0300,2,1098,2026-07-14T09:00:00,pay_demo001474
2421,ORD01463,P013,C0300,1,299,2026-07-14T09:00:00,pay_demo001474
2422,ORD01464,P005,C0300,1,1699,2026-05-01T17:00:00,pay_demo001475
2423,ORD01464,P011,C0300,2,698,2026-05-01T17:00:00,pay_demo001475
2424,ORD01465,P009,C0301,2,998,2026-06-12T00:00:00,pay_demo001476
2425,ORD01466,P010,C0301,1,1299,2026-06-18T10:00:00,pay_demo001477
2426,ORD01467,P009,C0301,2,998,2026-04-13T07:00:00,pay_demo001478
2427,ORD01467,P004,C0301,1,1199,2026-04-13T07:00:00,pay_demo001478
2428,ORD01468,P011,C0301,1,349,2026-02-24T16:00:00,pay_demo001479
2429,ORD01468,P011,C0301,1,349,2026-02-24T16:00:00,pay_demo001479
2430,ORD01469,P008,C0301,1,799,2026-07-11T03:00:00,pay_demo001480
2431,ORD01469,P012,C0301,1,649,2026-07-11T03:00:00,pay_demo001480
2432,ORD01469,P008,C0301,1,799,2026-07-11T03:00:00,pay_demo001480
2433,ORD01470,P025,C0301,1,899,2026-02-15T21:00:00,pay_demo001481
2434,ORD01471,P002,C0301,1,599,2026-06-02T23:00:00,pay_demo001482
2435,ORD01472,P012,C0301,2,1298,2025-11-15T06:00:00,pay_demo001483
2436,ORD01472,P016,C0301,1,1599,2025-11-15T06:00:00,pay_demo001483
2437,ORD01472,P014,C0301,1,2499,2025-11-15T06:00:00,pay_demo001483
2438,ORD01473,P017,C0301,1,2199,2026-06-26T11:00:00,pay_demo001484
2439,ORD01473,P018,C0301,1,899,2026-06-26T11:00:00,pay_demo001484
2440,ORD01473,P026,C0301,2,898,2026-06-26T11:00:00,pay_demo001484
2441,ORD01474,P031,C0301,2,758,2026-06-03T09:00:00,pay_demo001485
2442,ORD01474,P009,C0301,2,998,2026-06-03T09:00:00,pay_demo001485
2443,ORD01475,P012,C0301,1,649,2025-11-13T12:00:00,pay_demo001486
2444,ORD01476,P009,C0301,2,998,2026-04-26T05:00:00,pay_demo001487
2445,ORD01476,P012,C0301,1,649,2026-04-26T05:00:00,pay_demo001487
2446,ORD01477,P026,C0301,1,449,2026-04-09T10:00:00,pay_demo001488
2447,ORD01478,P002,C0301,1,599,2025-11-23T16:00:00,pay_demo001489
2448,ORD01478,P012,C0301,2,1298,2025-11-23T16:00:00,pay_demo001489
2449,ORD01479,P011,C0301,1,349,2026-01-16T00:00:00,pay_demo001490
2450,ORD01479,P024,C0301,1,2299,2026-01-16T00:00:00,pay_demo001490
2451,ORD01480,P011,C0301,2,698,2026-03-23T17:00:00,pay_demo001491
2452,ORD01481,P028,C0301,2,598,2026-05-27T09:00:00,pay_demo001492
2453,ORD01481,P011,C0301,2,698,2026-05-27T09:00:00,pay_demo001492
2454,ORD01482,P031,C0302,1,379,2026-05-21T19:00:00,pay_demo001493
2455,ORD01483,P026,C0303,1,449,2026-03-13T06:00:00,pay_demo001494
2456,ORD01483,P005,C0303,1,1699,2026-03-13T06:00:00,pay_demo001494
2457,ORD01484,P026,C0304,1,449,2025-11-24T03:00:00,pay_demo001495
2458,ORD01484,P030,C0304,1,1199,2025-11-24T03:00:00,pay_demo001495
2459,ORD01484,P003,C0304,1,2799,2025-11-24T03:00:00,pay_demo001495
2460,ORD01485,P003,C0304,1,2799,2025-12-04T06:00:00,pay_demo001496
2461,ORD01486,P005,C0304,1,1699,2026-07-01T23:00:00,pay_demo001497
2462,ORD01487,P007,C0304,1,1899,2026-05-02T06:00:00,pay_demo001498
2463,ORD01487,P021,C0304,1,1399,2026-05-02T06:00:00,pay_demo001498
2464,ORD01488,P012,C0304,1,649,2026-03-17T19:00:00,pay_demo001499
2465,ORD01489,P002,C0304,1,599,2026-06-15T23:00:00,pay_demo001500
2466,ORD01489,P018,C0304,1,899,2026-06-15T23:00:00,pay_demo001500
2467,ORD01490,P019,C0304,1,1299,2025-11-12T12:00:00,pay_demo001501
2468,ORD01491,P017,C0305,1,2199,2026-08-05T08:00:00,pay_demo001502
2469,ORD01491,P018,C0305,1,899,2026-08-05T08:00:00,pay_demo001502
2470,ORD01492,P014,C0305,1,2499,2025-11-05T23:00:00,pay_demo001503
2471,ORD01492,P014,C0305,2,4998,2025-11-05T23:00:00,pay_demo001503
2472,ORD01493,P016,C0305,1,1599,2026-08-18T07:00:00,pay_demo001504
2473,ORD01493,P009,C0305,1,499,2026-08-18T07:00:00,pay_demo001504
2474,ORD01493,P018,C0305,2,1798,2026-08-18T07:00:00,pay_demo001504
2475,ORD01494,P015,C0305,1,4999,2026-06-19T23:00:00,pay_demo001505
2476,ORD01495,P015,C0305,1,4999,2026-03-14T00:00:00,pay_demo001506
2477,ORD01495,P018,C0305,1,899,2026-03-14T00:00:00,pay_demo001506
2478,ORD01496,P018,C0305,1,899,2026-03-03T09:00:00,pay_demo001507
2479,ORD01497,P017,C0305,1,2199,2026-06-20T18:00:00,pay_demo001508
2480,ORD01498,P016,C0305,1,1599,2025-12-16T09:00:00,pay_demo001509
2481,ORD01499,P019,C0305,1,1299,2026-01-29T01:00:00,pay_demo001510
2482,ORD01500,P018,C0305,1,899,2025-12-11T05:00:00,pay_demo001511
2483,ORD01500,P025,C0305,2,1798,2025-12-11T05:00:00,pay_demo001511
2484,ORD01501,P019,C0305,1,1299,2026-07-28T19:00:00,pay_demo001512
2485,ORD01501,P017,C0305,2,4398,2026-07-28T19:00:00,pay_demo001512
2486,ORD01501,P022,C0305,1,749,2026-07-28T19:00:00,pay_demo001512
2487,ORD01502,P016,C0305,1,1599,2026-05-07T02:00:00,pay_demo001513
2488,ORD01502,P017,C0305,2,4398,2026-05-07T02:00:00,pay_demo001513
2489,ORD01503,P016,C0305,1,1599,2026-08-12T05:00:00,pay_demo001514
2490,ORD01504,P015,C0305,1,4999,2025-12-28T23:00:00,pay_demo001515
2491,ORD01505,P019,C0305,1,1299,2026-06-01T22:00:00,pay_demo001516
2492,ORD01505,P024,C0305,2,4598,2026-06-01T22:00:00,pay_demo001516
2493,ORD01506,P018,C0305,2,1798,2026-06-23T07:00:00,pay_demo001517
2494,ORD01506,P007,C0305,1,1899,2026-06-23T07:00:00,pay_demo001517
2495,ORD01507,P015,C0306,1,4999,2026-02-07T06:00:00,pay_demo001518
2496,ORD01508,P015,C0306,1,4999,2026-09-02T23:00:00,pay_demo001519
2497,ORD01509,P014,C0306,2,4998,2026-07-09T12:00:00,pay_demo001520
2498,ORD01510,P019,C0306,2,2598,2026-08-21T00:00:00,pay_demo001521
2499,ORD01510,P015,C0306,1,4999,2026-08-21T00:00:00,pay_demo001521
2500,ORD01511,P018,C0306,1,899,2025-11-30T03:00:00,pay_demo001522
2501,ORD01511,P014,C0306,2,4998,2025-11-30T03:00:00,pay_demo001522
2502,ORD01512,P006,C0306,2,7998,2026-08-01T04:00:00,pay_demo001523
2503,ORD01513,P012,C0307,1,649,2026-03-13T21:00:00,pay_demo001524
2504,ORD01513,P011,C0307,2,698,2026-03-13T21:00:00,pay_demo001524
2505,ORD01514,P019,C0307,1,1299,2026-08-18T11:00:00,pay_demo001525
2506,ORD01515,P019,C0307,1,1299,2026-02-17T11:00:00,pay_demo001526
2507,ORD01515,P019,C0307,1,1299,2026-02-17T11:00:00,pay_demo001526
2508,ORD01516,P023,C0307,1,549,2026-07-22T04:00:00,pay_demo001527
2509,ORD01517,P018,C0307,1,899,2026-07-28T07:00:00,pay_demo001528
2510,ORD01517,P015,C0307,1,4999,2026-07-28T07:00:00,pay_demo001528
2511,ORD01518,P018,C0307,1,899,2026-06-21T16:00:00,pay_demo001529
2512,ORD01518,P015,C0307,1,4999,2026-06-21T16:00:00,pay_demo001529
2513,ORD01519,P016,C0307,2,3198,2026-03-15T01:00:00,pay_demo001530
2514,ORD01519,P017,C0307,1,2199,2026-03-15T01:00:00,pay_demo001530
2515,ORD01520,P017,C0307,2,4398,2026-04-27T05:00:00,pay_demo001531
2516,ORD01520,P015,C0307,1,4999,2026-04-27T05:00:00,pay_demo001531
2517,ORD01521,P029,C0308,1,549,2026-09-12T09:00:00,pay_demo001533
2518,ORD01521,P001,C0308,1,1499,2026-09-12T09:00:00,pay_demo001533
2519,ORD01521,P024,C0308,1,2299,2026-09-12T09:00:00,pay_demo001533
2520,ORD01522,P030,C0308,1,1199,2026-09-07T09:00:00,pay_demo001534
2521,ORD01522,P024,C0308,1,2299,2026-09-07T09:00:00,pay_demo001534
2522,ORD01523,P025,C0309,1,899,2026-09-25T17:00:00,pay_demo001535
2523,ORD01524,P016,C0310,1,1599,2025-12-14T16:00:00,pay_demo001536
2524,ORD01524,P014,C0310,1,2499,2025-12-14T16:00:00,pay_demo001536
2525,ORD01525,P016,C0311,1,1599,2025-10-22T02:00:00,pay_demo001537
2526,ORD01525,P020,C0311,1,999,2025-10-22T02:00:00,pay_demo001537
2527,ORD01526,P021,C0312,2,2798,2026-02-16T05:00:00,pay_demo001538
2528,ORD01527,P030,C0313,2,2398,2026-02-05T11:00:00,pay_demo001539
2529,ORD01528,P024,C0313,1,2299,2026-02-07T08:00:00,pay_demo001540
2530,ORD01529,P022,C0313,2,1498,2026-03-08T07:00:00,pay_demo001541
2531,ORD01529,P020,C0313,1,999,2026-03-08T07:00:00,pay_demo001541
2532,ORD01530,P022,C0313,1,749,2026-05-28T20:00:00,pay_demo001542
2533,ORD01531,P023,C0314,1,549,2025-11-07T06:00:00,pay_demo001543
2534,ORD01532,P009,C0315,2,998,2026-04-27T06:00:00,pay_demo001544
2535,ORD01532,P008,C0315,1,799,2026-04-27T06:00:00,pay_demo001544
2536,ORD01532,P011,C0315,1,349,2026-04-27T06:00:00,pay_demo001544
2537,ORD01533,P009,C0315,2,998,2026-09-05T18:00:00,pay_demo001545
2538,ORD01533,P008,C0315,1,799,2026-09-05T18:00:00,pay_demo001545
2539,ORD01534,P011,C0315,1,349,2026-09-12T01:00:00,pay_demo001546
2540,ORD01535,P007,C0315,1,1899,2026-08-01T08:00:00,pay_demo001547
2541,ORD01536,P004,C0316,1,1199,2026-08-26T04:00:00,pay_demo001548
2542,ORD01536,P020,C0316,1,999,2026-08-26T04:00:00,pay_demo001548
2543,ORD01537,P028,C0316,2,598,2026-09-20T03:00:00,pay_demo001549
2544,ORD01537,P005,C0316,1,1699,2026-09-20T03:00:00,pay_demo001549
2545,ORD01538,P012,C0317,1,649,2026-06-03T23:00:00,pay_demo001550
2546,ORD01538,P029,C0317,1,549,2026-06-03T23:00:00,pay_demo001550
2547,ORD01539,P010,C0317,1,1299,2026-01-02T19:00:00,pay_demo001551
2548,ORD01539,P009,C0317,1,499,2026-01-02T19:00:00,pay_demo001551
2549,ORD01539,P009,C0317,2,998,2026-01-02T19:00:00,pay_demo001551
2550,ORD01540,P024,C0317,1,2299,2026-09-20T11:00:00,pay_demo001552
2551,ORD01541,P008,C0317,1,799,2026-09-18T00:00:00,pay_demo001553
2552,ORD01542,P008,C0317,1,799,2026-09-24T16:00:00,pay_demo001554
2553,ORD01542,P011,C0317,1,349,2026-09-24T16:00:00,pay_demo001554
2554,ORD01543,P012,C0317,1,649,2025-12-29T16:00:00,pay_demo001555
2555,ORD01544,P011,C0317,2,698,2026-08-29T22:00:00,pay_demo001556
2556,ORD01544,P026,C0317,1,449,2026-08-29T22:00:00,pay_demo001556
2557,ORD01545,P013,C0317,1,299,2026-08-13T12:00:00,pay_demo001557
2558,ORD01545,P018,C0317,1,899,2026-08-13T12:00:00,pay_demo001557
2559,ORD01546,P010,C0317,2,2598,2026-04-10T08:00:00,pay_demo001558
2560,ORD01547,P008,C0317,1,799,2026-09-10T19:00:00,pay_demo001559
2561,ORD01547,P012,C0317,2,1298,2026-09-10T19:00:00,pay_demo001559
2562,ORD01548,P012,C0317,1,649,2026-09-15T03:00:00,pay_demo001560
2563,ORD01549,P015,C0317,2,9998,2026-05-24T03:00:00,pay_demo001561
2564,ORD01550,P011,C0317,1,349,2026-03-25T11:00:00,pay_demo001562
2565,ORD01550,P010,C0317,2,2598,2026-03-25T11:00:00,pay_demo001562
2566,ORD01551,P012,C0317,1,649,2026-08-07T05:00:00,pay_demo001563
2567,ORD01552,P002,C0318,2,1198,2026-03-05T23:00:00,pay_demo001564
2568,ORD01552,P020,C0318,1,999,2026-03-05T23:00:00,pay_demo001564
2569,ORD01553,P004,C0318,1,1199,2026-03-23T06:00:00,pay_demo001565
2570,ORD01553,P006,C0318,1,3999,2026-03-23T06:00:00,pay_demo001565
2571,ORD01554,P002,C0318,1,599,2026-07-10T12:00:00,pay_demo001566
2572,ORD01555,P003,C0318,1,2799,2026-09-10T18:00:00,pay_demo001567
2573,ORD01555,P018,C0318,1,899,2026-09-10T18:00:00,pay_demo001567
2574,ORD01555,P005,C0318,1,1699,2026-09-10T18:00:00,pay_demo001567
2575,ORD01556,P006,C0318,2,7998,2026-07-04T05:00:00,pay_demo001568
2576,ORD01557,P031,C0319,1,379,2025-11-19T01:00:00,pay_demo001569
2577,ORD01557,P017,C0319,1,2199,2025-11-19T01:00:00,pay_demo001569
2578,ORD01558,P029,C0320,1,549,2025-10-30T23:00:00,pay_demo001570
2579,ORD01558,P028,C0320,1,299,2025-10-30T23:00:00,pay_demo001570
2580,ORD01559,P026,C0320,1,449,2026-02-26T21:00:00,pay_demo001571
2581,ORD01560,P018,C0320,1,899,2026-06-05T06:00:00,pay_demo001572
2582,ORD01561,P027,C0320,2,798,2025-12-30T07:00:00,pay_demo001573
2583,ORD01561,P026,C0320,1,449,2025-12-30T07:00:00,pay_demo001573
2584,ORD01562,P029,C0320,1,549,2026-07-11T08:00:00,pay_demo001574
2585,ORD01563,P025,C0320,1,899,2026-06-25T19:00:00,pay_demo001575
2586,ORD01564,P027,C0320,1,399,2026-01-06T07:00:00,pay_demo001576
2587,ORD01564,P026,C0320,1,449,2026-01-06T07:00:00,pay_demo001576
2588,ORD01564,P004,C0320,1,1199,2026-01-06T07:00:00,pay_demo001576
